Generation,evals,avg,std,min,max,best_one,fitness_best_one
0,500,[  7.484      637.77340911],[ 0.50768494 29.44085735],[  7.         515.59708515],[  9.         679.34112737],"[18, 13, 4, 9, 21, 5, 8, 3, 1, 2, 22, 16, 14, 12, 24, 19, 25, 7, 6, 10, 11, 20, 23, 15, 17]","(7.0, 515.5970851462529)"
1,222,[  7.474      638.16201085],[ 0.51119859 31.14100655],[  7.         515.59708515],[  9.        714.8836062],"[18, 13, 4, 9, 21, 5, 8, 3, 1, 2, 22, 16, 14, 12, 24, 19, 25, 7, 6, 10, 11, 20, 23, 15, 17]","(7.0, 515.5970851462529)"
2,410,[  7.46       616.10845846],[ 0.49839743 24.64867731],[  7.         515.59708515],[  8.         650.87182494],"[18, 13, 4, 9, 21, 5, 8, 3, 1, 2, 22, 16, 14, 12, 24, 19, 25, 7, 6, 10, 11, 20, 23, 15, 17]","(7.0, 515.5970851462529)"
3,406,[  7.454      598.49169418],[ 0.4978795  21.25981476],[  7.         515.59708515],[  8.         626.35359354],"[18, 13, 4, 9, 21, 5, 8, 3, 1, 2, 22, 16, 14, 12, 24, 19, 25, 7, 6, 10, 11, 20, 23, 15, 17]","(7.0, 515.5970851462529)"
4,432,[  7.444      582.62287759],[ 0.4968541  17.11034652],[  7.         514.99153387],[  8.         605.75691072],"[18, 13, 4, 9, 21, 5, 3, 8, 1, 2, 22, 16, 14, 12, 24, 19, 25, 7, 6, 10, 11, 20, 23, 15, 17]","(7.0, 514.9915338707889)"
5,436,[  7.38       571.04377809],[ 0.48538644 15.01516477],[  7.         503.77338835],[  8.         588.12496496],"[25, 21, 24, 8, 5, 22, 20, 2, 18, 19, 3, 23, 16, 12, 7, 4, 11, 1, 6, 14, 15, 10, 9, 17, 13]","(7.0, 503.7733883525129)"
6,432,[  7.3        562.21852429],[ 0.45825757 15.82914918],[  7.         503.77338835],[  8.         577.40705025],"[25, 21, 24, 8, 5, 22, 20, 2, 18, 19, 3, 23, 16, 12, 7, 4, 11, 1, 6, 14, 15, 10, 9, 17, 13]","(7.0, 503.7733883525129)"
7,428,[  7.274      552.95588222],[ 0.44600897 16.08207358],[  7.         503.77338835],[  8.         570.72739756],"[25, 21, 24, 8, 5, 22, 20, 2, 18, 19, 3, 23, 16, 12, 7, 4, 11, 1, 6, 14, 15, 10, 9, 17, 13]","(7.0, 503.7733883525129)"
8,422,[  7.258      542.97790509],[ 0.437534   15.07198491],[  7.         503.77338835],[  8.        558.9650183],"[25, 21, 24, 8, 5, 22, 20, 2, 18, 19, 3, 23, 16, 12, 7, 4, 11, 1, 6, 14, 15, 10, 9, 17, 13]","(7.0, 503.7733883525129)"
9,416,[  7.268      531.77209119],[ 0.4429176  12.71937442],[  7.         499.79004156],[  8.         552.30062727],"[23, 22, 4, 2, 20, 24, 15, 13, 6, 9, 21, 25, 10, 7, 14, 16, 3, 5, 11, 8, 1, 17, 12, 19, 18]","(7.0, 499.79004156159857)"
10,404,[  7.15       523.16984366],[0.35707142 9.10742948],[  7.         491.72675608],[  8.         537.87831594],"[9, 12, 15, 24, 23, 25, 20, 2, 6, 1, 10, 8, 13, 16, 4, 11, 5, 3, 7, 21, 22, 19, 14, 18, 17]","(7.0, 491.72675607544744)"
11,412,[  7.052      516.99931852],[0.22202703 6.27675028],[  7.         483.83479262],[  8.         527.50117747],"[9, 14, 12, 17, 3, 7, 6, 4, 22, 21, 16, 25, 23, 24, 20, 11, 19, 18, 13, 5, 2, 1, 15, 8, 10]","(7.0, 483.8347926153279)"
12,442,[  7.002      513.40862681],[0.04467662 5.81878982],[  7.         483.83479262],[  8.         519.33935606],"[9, 14, 12, 17, 3, 7, 6, 4, 22, 21, 16, 25, 23, 24, 20, 11, 19, 18, 13, 5, 2, 1, 15, 8, 10]","(7.0, 483.8347926153279)"
13,428,[  7.006      510.09022281],[0.07722694 6.40757046],[  7.         483.83479262],[  8.         515.59708515],"[9, 14, 12, 17, 3, 7, 6, 4, 22, 21, 16, 25, 23, 24, 20, 11, 19, 18, 13, 5, 2, 1, 15, 8, 10]","(7.0, 483.8347926153279)"
14,418,[  7.002      506.05120218],[0.04467662 5.9208325 ],[  7.         483.83479262],[  8.         514.13201481],"[9, 14, 12, 17, 3, 7, 6, 4, 22, 21, 16, 25, 23, 24, 20, 11, 19, 18, 13, 5, 2, 1, 15, 8, 10]","(7.0, 483.8347926153279)"
15,438,[  7.004      502.54044929],[0.06311894 5.83660004],[  7.         472.32558478],[  8.         508.58531444],"[22, 14, 12, 17, 3, 7, 6, 4, 9, 21, 16, 25, 23, 24, 20, 11, 19, 18, 13, 5, 2, 1, 15, 8, 10]","(7.0, 472.3255847826346)"
16,434,[  7.008      499.05966351],[0.08908423 6.27101087],[  7.         471.74458023],[  8.         503.77338835],"[18, 13, 4, 9, 23, 5, 8, 3, 1, 2, 22, 16, 14, 12, 24, 21, 25, 7, 6, 10, 11, 20, 19, 15, 17]","(7.0, 471.7445802337321)"
17,448,[  7.014      495.98525047],[0.11749043 6.28560989],[  7.         471.74458023],[  8.         503.02903859],"[18, 13, 4, 9, 23, 5, 8, 3, 1, 2, 22, 16, 14, 12, 24, 21, 25, 7, 6, 10, 11, 20, 19, 15, 17]","(7.0, 471.7445802337321)"
18,426,[  7.024      492.45470414],[0.15304901 5.18912773],[  7.         471.74458023],[  8.         499.63881317],"[18, 13, 4, 9, 23, 5, 8, 3, 1, 2, 22, 16, 14, 12, 24, 21, 25, 7, 6, 10, 11, 20, 19, 15, 17]","(7.0, 471.7445802337321)"
19,420,[  7.002      489.16532763],[0.04467662 4.77872234],[  7.         451.52781384],[  8.         494.13541599],"[18, 13, 4, 22, 23, 5, 8, 3, 1, 2, 9, 16, 14, 12, 24, 21, 25, 7, 6, 10, 11, 20, 19, 15, 17]","(7.0, 451.5278138417723)"
20,430,[  7.006      486.90195282],[0.07722694 5.62337375],[  7.         451.52781384],[  8.         491.72675608],"[18, 13, 4, 22, 23, 5, 8, 3, 1, 2, 9, 16, 14, 12, 24, 21, 25, 7, 6, 10, 11, 20, 19, 15, 17]","(7.0, 451.5278138417723)"
21,402,[  7.016      483.34924575],[0.1254751  5.66264487],[  7.         451.52781384],[  8.        490.3914084],"[18, 13, 4, 22, 23, 5, 8, 3, 1, 2, 9, 16, 14, 12, 24, 21, 25, 7, 6, 10, 11, 20, 19, 15, 17]","(7.0, 451.5278138417723)"
22,438,[  7.002      480.67597874],[0.04467662 5.69482789],[  7.         447.62353182],[  8.        484.4472863],"[18, 13, 19, 9, 4, 5, 8, 3, 21, 2, 1, 16, 14, 12, 24, 25, 22, 7, 6, 10, 11, 20, 23, 15, 17]","(7.0, 447.623531815268)"
23,446,[  7.004      478.66237178],[0.06311894 6.42238456],[  7.         447.62353182],[  8.         483.83479262],"[18, 13, 19, 9, 4, 5, 8, 3, 21, 2, 1, 16, 14, 12, 24, 25, 22, 7, 6, 10, 11, 20, 23, 15, 17]","(7.0, 447.623531815268)"
24,424,[  7.006      475.53228247],[0.07722694 6.43656539],[  7.         447.62353182],[  8.         481.97731674],"[18, 13, 19, 9, 4, 5, 8, 3, 21, 2, 1, 16, 14, 12, 24, 25, 22, 7, 6, 10, 11, 20, 23, 15, 17]","(7.0, 447.623531815268)"
25,452,[  7.         472.87981732],[0.         6.47513824],[  7.         447.62353182],[  7.         478.20992422],"[18, 13, 19, 9, 4, 5, 8, 3, 21, 2, 1, 16, 14, 12, 24, 25, 22, 7, 6, 10, 11, 20, 23, 15, 17]","(7.0, 447.623531815268)"
26,416,[  7.         469.68307645],[0.        6.7330506],[  7.         443.64550749],[  7.         475.32939327],"[18, 13, 19, 9, 5, 4, 8, 3, 21, 2, 1, 16, 14, 12, 24, 25, 22, 7, 6, 10, 11, 20, 23, 15, 17]","(7.0, 443.64550748941474)"
27,426,[  7.         467.64990942],[0.         8.15903199],[  7.         443.64550749],[  7.         472.32558478],"[18, 13, 19, 9, 5, 4, 8, 3, 21, 2, 1, 16, 14, 12, 24, 25, 22, 7, 6, 10, 11, 20, 23, 15, 17]","(7.0, 443.64550748941474)"
28,418,[  7.         464.97096879],[0.         9.17125325],[  7.         443.64550749],[  7.         472.32558478],"[18, 13, 19, 9, 5, 4, 8, 3, 21, 2, 1, 16, 14, 12, 24, 25, 22, 7, 6, 10, 11, 20, 23, 15, 17]","(7.0, 443.64550748941474)"
29,420,[  7.         460.41046026],[0.         8.92001149],[  7.         443.64550749],[  7.         471.74458023],"[18, 13, 19, 9, 5, 4, 8, 3, 21, 2, 1, 16, 14, 12, 24, 25, 22, 7, 6, 10, 11, 20, 23, 15, 17]","(7.0, 443.64550748941474)"
30,428,[  7.         453.94107922],[0.         5.64586512],[  7.         438.86482446],[  7.         462.27894701],"[18, 13, 19, 20, 4, 5, 8, 9, 21, 2, 1, 16, 14, 12, 24, 25, 22, 7, 6, 10, 11, 3, 23, 15, 17]","(7.0, 438.8648244596335)"
31,432,[  7.         449.96300459],[0.         2.63296528],[  7.         438.86482446],[  7.         455.14414009],"[18, 13, 19, 20, 4, 5, 8, 9, 21, 2, 1, 16, 14, 12, 24, 25, 22, 7, 6, 10, 11, 3, 23, 15, 17]","(7.0, 438.8648244596335)"
32,406,[  7.         448.38610272],[0.         2.49419225],[  7.         438.86482446],[  7.         451.52781384],"[18, 13, 19, 20, 4, 5, 8, 9, 21, 2, 1, 16, 14, 12, 24, 25, 22, 7, 6, 10, 11, 3, 23, 15, 17]","(7.0, 438.8648244596335)"
33,424,[  7.         446.88228235],[0.         1.71837938],[  7.         438.86482446],[  7.         447.62353182],"[18, 13, 19, 20, 4, 5, 8, 9, 21, 2, 1, 16, 14, 12, 24, 25, 22, 7, 6, 10, 11, 3, 23, 15, 17]","(7.0, 438.8648244596335)"
34,432,[  7.         446.27538561],[0.         2.24734639],[  7.         438.17230221],[  7.         447.62353182],"[18, 15, 19, 9, 4, 5, 8, 3, 21, 2, 1, 16, 14, 12, 24, 25, 22, 7, 6, 10, 11, 20, 23, 13, 17]","(7.0, 438.17230220589613)"
35,436,[  7.         445.32840806],[0.         2.64737039],[  7.         438.17230221],[  7.         447.62353182],"[18, 15, 19, 9, 4, 5, 8, 3, 21, 2, 1, 16, 14, 12, 24, 25, 22, 7, 6, 10, 11, 20, 23, 13, 17]","(7.0, 438.17230220589613)"
36,412,[  7.         443.70774927],[0.         2.63332374],[  7.         429.57261429],[  7.         447.62353182],"[18, 19, 13, 20, 4, 5, 8, 9, 21, 2, 1, 16, 14, 12, 24, 25, 22, 7, 6, 10, 11, 3, 23, 15, 17]","(7.0, 429.57261429395004)"
37,432,[  7.         442.03743495],[0.         2.28652998],[  7.         429.57261429],[  7.         444.01785824],"[18, 19, 13, 20, 4, 5, 8, 9, 21, 2, 1, 16, 14, 12, 24, 25, 22, 7, 6, 10, 11, 3, 23, 15, 17]","(7.0, 429.57261429395004)"
38,444,[  7.       440.797472],[0.         2.36372149],[  7.         429.57261429],[  7.         443.64550749],"[18, 19, 13, 20, 4, 5, 8, 9, 21, 2, 1, 16, 14, 12, 24, 25, 22, 7, 6, 10, 11, 3, 23, 15, 17]","(7.0, 429.57261429395004)"
39,444,[  7.         438.94175339],[0.         1.50055455],[  7.         429.57261429],[  7.         442.13738552],"[18, 19, 13, 20, 4, 5, 8, 9, 21, 2, 1, 16, 14, 12, 24, 25, 22, 7, 6, 10, 11, 3, 23, 15, 17]","(7.0, 429.57261429395004)"
40,434,[  7.         438.25475644],[0.         1.43072861],[  7.         429.57261429],[  7.         439.60007403],"[18, 19, 13, 20, 4, 5, 8, 9, 21, 2, 1, 16, 14, 12, 24, 25, 22, 7, 6, 10, 11, 3, 23, 15, 17]","(7.0, 429.57261429395004)"
41,436,[  7.         437.64454001],[0.         1.71140203],[  7.         427.78969624],[  7.         438.86482446],"[18, 13, 23, 20, 4, 5, 8, 9, 21, 2, 1, 16, 14, 12, 24, 25, 22, 7, 6, 10, 11, 3, 19, 15, 17]","(7.0, 427.7896962377695)"
42,444,[  7.         436.85071733],[0.         1.83406298],[  7.         427.78969624],[  7.         438.29132238],"[18, 13, 23, 20, 4, 5, 8, 9, 21, 2, 1, 16, 14, 12, 24, 25, 22, 7, 6, 10, 11, 3, 19, 15, 17]","(7.0, 427.7896962377695)"
43,408,[  7.         435.96315574],[0.         1.96836901],[  7.         427.78969624],[  7.         438.17230221],"[18, 13, 23, 20, 4, 5, 8, 9, 21, 2, 1, 16, 14, 12, 24, 25, 22, 7, 6, 10, 11, 3, 19, 15, 17]","(7.0, 427.7896962377695)"
44,408,[  7.         434.89148909],[0.         1.95801796],[  7.         425.70734802],[  7.         436.52540412],"[13, 18, 19, 11, 5, 4, 8, 20, 21, 2, 1, 16, 14, 12, 24, 25, 22, 7, 6, 10, 9, 3, 23, 15, 17]","(7.0, 425.70734801545575)"
45,414,[  7.         434.04072892],[0.         2.25247674],[  7.         425.70734802],[  7.         435.70016625],"[13, 18, 19, 11, 5, 4, 8, 20, 21, 2, 1, 16, 14, 12, 24, 25, 22, 7, 6, 10, 9, 3, 23, 15, 17]","(7.0, 425.70734801545575)"
46,428,[  7.         433.01670824],[0.        2.4349839],[  7.         425.33109435],[  7.         435.49368676],"[13, 18, 19, 11, 5, 4, 8, 20, 21, 2, 1, 16, 14, 12, 24, 25, 22, 7, 3, 10, 9, 6, 23, 15, 17]","(7.0, 425.3310943520207)"
47,428,[  7.         431.62180191],[0.         2.28813846],[  7.         425.33109435],[  7.         434.03307987],"[13, 18, 19, 11, 5, 4, 8, 20, 21, 2, 1, 16, 14, 12, 24, 25, 22, 7, 3, 10, 9, 6, 23, 15, 17]","(7.0, 425.3310943520207)"
48,426,[  7.         430.40083553],[0.         2.23064998],[  7.         422.91391246],[  7.        433.3286897],"[18, 19, 13, 20, 4, 5, 8, 10, 21, 2, 1, 16, 14, 12, 24, 25, 22, 7, 6, 9, 11, 3, 23, 15, 17]","(7.0, 422.9139124559632)"
49,424,[  7.         428.96201201],[0.         1.36983718],[  7.         422.91391246],[  7.         431.09957247],"[18, 19, 13, 20, 4, 5, 8, 10, 21, 2, 1, 16, 14, 12, 24, 25, 22, 7, 6, 9, 11, 3, 23, 15, 17]","(7.0, 422.9139124559632)"
50,432,[  7.         428.37191204],[0.         1.42754322],[  7.         422.91391246],[  7.         429.57261429],"[18, 19, 13, 20, 4, 5, 8, 10, 21, 2, 1, 16, 14, 12, 24, 25, 22, 7, 6, 9, 11, 3, 23, 15, 17]","(7.0, 422.9139124559632)"
51,406,[  7.         427.53820414],[0.         1.37699599],[  7.         422.91391246],[  7.         429.57261429],"[18, 19, 13, 20, 4, 5, 8, 10, 21, 2, 1, 16, 14, 12, 24, 25, 22, 7, 6, 9, 11, 3, 23, 15, 17]","(7.0, 422.9139124559632)"
52,438,[  7.         426.72793152],[0.         1.14247501],[  7.         422.91391246],[  7.         427.78969624],"[18, 19, 13, 20, 4, 5, 8, 10, 21, 2, 1, 16, 14, 12, 24, 25, 22, 7, 6, 9, 11, 3, 23, 15, 17]","(7.0, 422.9139124559632)"
53,426,[  7.         425.98344811],[0.         0.97176198],[  7.         422.91391246],[  7.         427.78969624],"[18, 19, 13, 20, 4, 5, 8, 10, 21, 2, 1, 16, 14, 12, 24, 25, 22, 7, 6, 9, 11, 3, 23, 15, 17]","(7.0, 422.9139124559632)"
54,414,[  7.         425.38687595],[0.         0.71842759],[  7.         422.46564146],[  7.         425.75731877],"[18, 19, 13, 10, 4, 5, 8, 20, 21, 2, 1, 16, 14, 12, 24, 25, 22, 7, 6, 9, 11, 3, 23, 15, 17]","(7.0, 422.4656414550417)"
55,452,[  7.         425.17983515],[0.         0.86498225],[  7.         422.46564146],[  7.         425.70734802],"[18, 19, 13, 10, 4, 5, 8, 20, 21, 2, 1, 16, 14, 12, 24, 25, 22, 7, 6, 9, 11, 3, 23, 15, 17]","(7.0, 422.4656414550417)"
56,436,[  7.         424.93433516],[0.         0.97782315],[  7.         421.66975243],[  7.         425.59458997],"[18, 19, 13, 20, 5, 4, 6, 9, 21, 2, 1, 16, 14, 12, 24, 25, 22, 7, 8, 10, 11, 3, 23, 15, 17]","(7.0, 421.6697524284612)"
57,432,[  7.         424.50141191],[0.         1.08249526],[  7.         418.93588813],[  7.         425.59458997],"[18, 19, 13, 20, 5, 4, 8, 10, 21, 2, 1, 16, 14, 12, 24, 25, 22, 7, 6, 9, 11, 3, 23, 15, 17]","(7.0, 418.93588813010996)"
58,416,[  7.         423.82761008],[0.         0.92829728],[  7.         418.93588813],[  7.         425.04107461],"[18, 19, 13, 20, 5, 4, 8, 10, 21, 2, 1, 16, 14, 12, 24, 25, 22, 7, 6, 9, 11, 3, 23, 15, 17]","(7.0, 418.93588813010996)"
59,436,[  7.         423.24979015],[0.         0.75889939],[  7.         417.75661819],[  7.         424.41532003],"[18, 19, 13, 20, 5, 4, 8, 10, 21, 2, 1, 16, 14, 12, 24, 25, 22, 7, 11, 9, 6, 3, 23, 15, 17]","(7.0, 417.7566181945553)"
60,418,[  7.         422.79366155],[0.         0.50498376],[  7.         417.75661819],[  7.         422.91391246],"[18, 19, 13, 20, 5, 4, 8, 10, 21, 2, 1, 16, 14, 12, 24, 25, 22, 7, 11, 9, 6, 3, 23, 15, 17]","(7.0, 417.7566181945553)"
61,420,[  7.         422.68500567],[0.         0.68845114],[  7.         417.75661819],[  7.         422.91391246],"[18, 19, 13, 20, 5, 4, 8, 10, 21, 2, 1, 16, 14, 12, 24, 25, 22, 7, 11, 9, 6, 3, 23, 15, 17]","(7.0, 417.7566181945553)"
62,422,[  7.         422.55569796],[0.         0.82475359],[  7.         417.75661819],[  7.         422.91391246],"[18, 19, 13, 20, 5, 4, 8, 10, 21, 2, 1, 16, 14, 12, 24, 25, 22, 7, 11, 9, 6, 3, 23, 15, 17]","(7.0, 417.7566181945553)"
63,430,[  7.         422.32067042],[0.         1.05990292],[  7.         417.35334855],[  7.         422.91391246],"[18, 19, 13, 10, 5, 4, 8, 20, 21, 2, 1, 16, 14, 12, 24, 25, 22, 7, 6, 9, 11, 3, 23, 17, 15]","(7.0, 417.35334855131936)"
64,422,[  7.         422.00710697],[0.         1.16866759],[  7.         417.35334855],[  7.         422.91391246],"[18, 19, 13, 10, 5, 4, 8, 20, 21, 2, 1, 16, 14, 12, 24, 25, 22, 7, 6, 9, 11, 3, 23, 17, 15]","(7.0, 417.35334855131936)"
65,426,[  7.         421.53806024],[0.         1.16721801],[  7.         417.35334855],[  7.         422.46564146],"[18, 19, 13, 10, 5, 4, 8, 20, 21, 2, 1, 16, 14, 12, 24, 25, 22, 7, 6, 9, 11, 3, 23, 17, 15]","(7.0, 417.35334855131936)"
66,426,[  7.         421.01478921],[0.         1.23146679],[  7.         417.35334855],[  7.         421.77964388],"[18, 19, 13, 10, 5, 4, 8, 20, 21, 2, 1, 16, 14, 12, 24, 25, 22, 7, 6, 9, 11, 3, 23, 17, 15]","(7.0, 417.35334855131936)"
67,442,[  7.         420.59800218],[0.         1.38624398],[  7.         417.35334855],[  7.         421.66975243],"[18, 19, 13, 10, 5, 4, 8, 20, 21, 2, 1, 16, 14, 12, 24, 25, 22, 7, 6, 9, 11, 3, 23, 17, 15]","(7.0, 417.35334855131936)"
68,434,[  7.         419.87594468],[0.         1.38862671],[  7.         417.35334855],[  7.         421.66975243],"[18, 19, 13, 10, 5, 4, 8, 20, 21, 2, 1, 16, 14, 12, 24, 25, 22, 7, 6, 9, 11, 3, 23, 17, 15]","(7.0, 417.35334855131936)"
69,430,[  7.         418.96932201],[0.         0.87268062],[  7.         417.35334855],[  7.         420.84076351],"[18, 19, 13, 10, 5, 4, 8, 20, 21, 2, 1, 16, 14, 12, 24, 25, 22, 7, 6, 9, 11, 3, 23, 17, 15]","(7.0, 417.35334855131936)"
70,416,[  7.         418.52022729],[0.         0.56321494],[  7.         417.35334855],[  7.         418.93588813],"[18, 19, 13, 10, 5, 4, 8, 20, 21, 2, 1, 16, 14, 12, 24, 25, 22, 7, 6, 9, 11, 3, 23, 17, 15]","(7.0, 417.35334855131936)"
71,440,[  7.         418.24953766],[0.         0.58502943],[  7.         416.84552563],[  7.         418.93588813],"[18, 19, 13, 20, 5, 3, 8, 10, 21, 2, 1, 16, 14, 12, 24, 25, 22, 4, 6, 9, 11, 7, 23, 15, 17]","(7.0, 416.84552563126846)"
72,420,[  7.         417.80341607],[0.         0.25369762],[  7.         416.84552563],[  7.         418.84957357],"[18, 19, 13, 20, 5, 3, 8, 10, 21, 2, 1, 16, 14, 12, 24, 25, 22, 4, 6, 9, 11, 7, 23, 15, 17]","(7.0, 416.84552563126846)"
73,426,[  7.         417.72544552],[0.         0.14918457],[  7.         416.11307271],[  7.         417.75661819],"[13, 19, 18, 20, 5, 4, 8, 10, 21, 2, 1, 16, 14, 12, 24, 25, 22, 7, 11, 9, 6, 3, 23, 15, 17]","(7.0, 416.1130727141398)"
74,418,[  7.         417.70161985],[0.         0.17792854],[  7.         416.11307271],[  7.         417.75661819],"[13, 19, 18, 20, 5, 4, 8, 10, 21, 2, 1, 16, 14, 12, 24, 25, 22, 7, 11, 9, 6, 3, 23, 15, 17]","(7.0, 416.1130727141398)"
75,430,[  7.         417.66747942],[0.         0.22064836],[  7.         416.11307271],[  7.         417.75661819],"[13, 19, 18, 20, 5, 4, 8, 10, 21, 2, 1, 16, 14, 12, 24, 25, 22, 7, 11, 9, 6, 3, 23, 15, 17]","(7.0, 416.1130727141398)"
76,440,[  7.         417.59969473],[0.         0.29759789],[  7.         416.11307271],[  7.         417.75661819],"[13, 19, 18, 20, 5, 4, 8, 10, 21, 2, 1, 16, 14, 12, 24, 25, 22, 7, 11, 9, 6, 3, 23, 15, 17]","(7.0, 416.1130727141398)"
77,434,[  7.         417.51234032],[0.         0.34499483],[  7.         416.11307271],[  7.         417.75661819],"[13, 19, 18, 20, 5, 4, 8, 10, 21, 2, 1, 16, 14, 12, 24, 25, 22, 7, 11, 9, 6, 3, 23, 15, 17]","(7.0, 416.1130727141398)"
78,416,[  7.         417.34915742],[0.         0.36716126],[  7.         416.11307271],[  7.         417.75661819],"[13, 19, 18, 20, 5, 4, 8, 10, 21, 2, 1, 16, 14, 12, 24, 25, 22, 7, 11, 9, 6, 3, 23, 15, 17]","(7.0, 416.1130727141398)"
79,450,[  7.         417.15810912],[0.         0.30148974],[  7.         416.11307271],[  7.         417.35334855],"[13, 19, 18, 20, 5, 4, 8, 10, 21, 2, 1, 16, 14, 12, 24, 25, 22, 7, 11, 9, 6, 3, 23, 15, 17]","(7.0, 416.1130727141398)"
80,404,[  7.         417.04029983],[0.        0.3280748],[  7.         415.47242286],[  7.         417.35334855],"[18, 19, 13, 20, 5, 4, 7, 23, 21, 2, 1, 16, 14, 12, 24, 25, 22, 8, 11, 9, 6, 3, 10, 15, 17]","(7.0, 415.4724228557906)"
81,440,[  7.       416.859823],[0.         0.32638847],[  7.         415.20198015],[  7.         417.29234265],"[13, 19, 18, 20, 5, 3, 8, 10, 21, 2, 1, 16, 14, 12, 24, 25, 22, 4, 6, 9, 11, 7, 23, 15, 17]","(7.0, 415.20198015085293)"
82,418,[  7.         416.70975954],[0.        0.2863561],[  7.         414.97880414],[  7.         416.84552563],"[13, 19, 18, 20, 5, 4, 8, 10, 21, 2, 1, 16, 14, 12, 24, 25, 22, 7, 11, 9, 6, 3, 23, 17, 15]","(7.0, 414.97880413627075)"
83,424,[  7.         416.62263526],[0.         0.33089698],[  7.         414.97880414],[  7.         416.84552563],"[13, 19, 18, 20, 5, 4, 8, 10, 21, 2, 1, 16, 14, 12, 24, 25, 22, 7, 11, 9, 6, 3, 23, 17, 15]","(7.0, 414.97880413627075)"
84,444,[  7.         416.50748167],[0.         0.36279652],[  7.         414.97880414],[  7.         416.84552563],"[13, 19, 18, 20, 5, 4, 8, 10, 21, 2, 1, 16, 14, 12, 24, 25, 22, 7, 11, 9, 6, 3, 23, 17, 15]","(7.0, 414.97880413627075)"
85,436,[  7.         416.30216961],[0.         0.35006511],[  7.         414.79262238],[  7.         416.62234962],"[18, 19, 13, 10, 3, 4, 8, 21, 20, 2, 1, 16, 14, 12, 24, 25, 22, 7, 6, 9, 11, 5, 23, 17, 15]","(7.0, 414.7926223829745)"
86,426,[  7.         416.07702451],[0.         0.32772546],[  7.         414.79262238],[  7.         416.62234962],"[18, 19, 13, 10, 3, 4, 8, 21, 20, 2, 1, 16, 14, 12, 24, 25, 22, 7, 6, 9, 11, 5, 23, 17, 15]","(7.0, 414.7926223829745)"
87,430,[  7.         415.94427269],[0.         0.32940271],[  7.         414.79262238],[  7.         416.11307271],"[18, 19, 13, 10, 3, 4, 8, 21, 20, 2, 1, 16, 14, 12, 24, 25, 22, 7, 6, 9, 11, 5, 23, 17, 15]","(7.0, 414.7926223829745)"
88,454,[  7.         415.82223955],[0.         0.39140176],[  7.         414.79262238],[  7.         416.11307271],"[18, 19, 13, 10, 3, 4, 8, 21, 20, 2, 1, 16, 14, 12, 24, 25, 22, 7, 6, 9, 11, 5, 23, 17, 15]","(7.0, 414.7926223829745)"
89,424,[  7.         415.63934931],[0.         0.40835942],[  7.         414.06771157],[  7.         416.11307271],"[13, 19, 18, 20, 5, 3, 8, 10, 21, 2, 1, 16, 14, 12, 24, 25, 22, 7, 11, 9, 6, 4, 23, 17, 15]","(7.0, 414.0677115729839)"
90,412,[  7.         415.32778402],[0.         0.26050087],[  7.         413.26076721],[  7.         415.71125705],"[18, 19, 13, 20, 5, 3, 7, 23, 21, 2, 1, 16, 14, 12, 24, 25, 22, 8, 11, 9, 6, 4, 10, 15, 17]","(7.0, 413.26076721275797)"
91,430,[  7.         415.19779401],[0.         0.32737815],[  7.         413.26076721],[  7.         415.47242286],"[18, 19, 13, 20, 5, 3, 7, 23, 21, 2, 1, 16, 14, 12, 24, 25, 22, 8, 11, 9, 6, 4, 10, 15, 17]","(7.0, 413.26076721275797)"
92,420,[  7.         415.04800743],[0.         0.32252536],[  7.         413.26076721],[  7.         415.20198015],"[18, 19, 13, 20, 5, 3, 7, 23, 21, 2, 1, 16, 14, 12, 24, 25, 22, 8, 11, 9, 6, 4, 10, 15, 17]","(7.0, 413.26076721275797)"
93,428,[  7.         414.95082789],[0.         0.39112528],[  7.         413.26076721],[  7.         415.20198015],"[18, 19, 13, 20, 5, 3, 7, 23, 21, 2, 1, 16, 14, 12, 24, 25, 22, 8, 11, 9, 6, 4, 10, 15, 17]","(7.0, 413.26076721275797)"
94,408,[  7.         414.76687263],[0.         0.45230968],[  7.         413.26076721],[  7.         415.20198015],"[18, 19, 13, 20, 5, 3, 7, 23, 21, 2, 1, 16, 14, 12, 24, 25, 22, 8, 11, 9, 6, 4, 10, 15, 17]","(7.0, 413.26076721275797)"
95,422,[  7.         414.63091533],[0.         0.49976762],[  7.         413.26076721],[  7.         414.97880414],"[18, 19, 13, 20, 5, 3, 7, 23, 21, 2, 1, 16, 14, 12, 24, 25, 22, 8, 11, 9, 6, 4, 10, 15, 17]","(7.0, 413.26076721275797)"
96,418,[  7.         414.41673775],[0.         0.51952878],[  7.         413.26076721],[  7.         414.97880414],"[18, 19, 13, 20, 5, 3, 7, 23, 21, 2, 1, 16, 14, 12, 24, 25, 22, 8, 11, 9, 6, 4, 10, 15, 17]","(7.0, 413.26076721275797)"
97,412,[  7.         414.15037449],[0.        0.5156901],[  7.         412.43212038],[  7.         414.79262238],"[13, 19, 18, 20, 5, 3, 7, 10, 21, 2, 1, 16, 14, 12, 24, 25, 22, 4, 6, 9, 11, 8, 23, 17, 15]","(7.0, 412.4321203841182)"
98,410,[  7.         413.79947473],[0.         0.28523079],[  7.         412.43212038],[  7.         414.08781677],"[13, 19, 18, 20, 5, 3, 7, 10, 21, 2, 1, 16, 14, 12, 24, 25, 22, 4, 6, 9, 11, 8, 23, 17, 15]","(7.0, 412.4321203841182)"
99,432,[  7.         413.65800516],[0.         0.26040109],[  7.         411.61722173],[  7.         414.06771157],"[13, 19, 18, 20, 5, 3, 7, 23, 21, 2, 1, 16, 14, 12, 24, 25, 22, 8, 11, 9, 6, 4, 10, 15, 17]","(7.0, 411.61722173234244)"
100,436,[  7.         413.52690213],[0.         0.17561967],[  7.         411.61722173],[  7.         413.56638896],"[13, 19, 18, 20, 5, 3, 7, 23, 21, 2, 1, 16, 14, 12, 24, 25, 22, 8, 11, 9, 6, 4, 10, 15, 17]","(7.0, 411.61722173234244)"
101,412,[  7.         413.50068623],[0.         0.23356029],[  7.         411.61722173],[  7.         413.56638896],"[13, 19, 18, 20, 5, 3, 7, 23, 21, 2, 1, 16, 14, 12, 24, 25, 22, 8, 11, 9, 6, 4, 10, 15, 17]","(7.0, 411.61722173234244)"
102,432,[  7.        413.4649488],[0.         0.27238444],[  7.         411.61722173],[  7.         413.56638896],"[13, 19, 18, 20, 5, 3, 7, 23, 21, 2, 1, 16, 14, 12, 24, 25, 22, 8, 11, 9, 6, 4, 10, 15, 17]","(7.0, 411.61722173234244)"
103,426,[  7.         413.40898589],[0.         0.31589879],[  7.         411.61722173],[  7.         413.56638896],"[13, 19, 18, 20, 5, 3, 7, 23, 21, 2, 1, 16, 14, 12, 24, 25, 22, 8, 11, 9, 6, 4, 10, 15, 17]","(7.0, 411.61722173234244)"
104,428,[  7.         413.31236811],[0.         0.35298317],[  7.         411.61722173],[  7.         413.56638896],"[13, 19, 18, 20, 5, 3, 7, 23, 21, 2, 1, 16, 14, 12, 24, 25, 22, 8, 11, 9, 6, 4, 10, 15, 17]","(7.0, 411.61722173234244)"
105,426,[  7.         413.14062113],[0.        0.3892185],[  7.         411.61722173],[  7.         413.56638896],"[13, 19, 18, 20, 5, 3, 7, 23, 21, 2, 1, 16, 14, 12, 24, 25, 22, 8, 11, 9, 6, 4, 10, 15, 17]","(7.0, 411.61722173234244)"
106,432,[  7.         413.07033689],[0.         0.46650156],[  7.         411.61722173],[  7.         413.26076721],"[13, 19, 18, 20, 5, 3, 7, 23, 21, 2, 1, 16, 14, 12, 24, 25, 22, 8, 11, 9, 6, 4, 10, 15, 17]","(7.0, 411.61722173234244)"
107,402,[  7.         412.93460772],[0.         0.57618713],[  7.         411.61722173],[  7.         413.26076721],"[13, 19, 18, 20, 5, 3, 7, 23, 21, 2, 1, 16, 14, 12, 24, 25, 22, 8, 11, 9, 6, 4, 10, 15, 17]","(7.0, 411.61722173234244)"
108,394,[  7.         412.71769316],[0.         0.67087067],[  7.         411.61722173],[  7.         413.26076721],"[13, 19, 18, 20, 5, 3, 7, 23, 21, 2, 1, 16, 14, 12, 24, 25, 22, 8, 11, 9, 6, 4, 10, 15, 17]","(7.0, 411.61722173234244)"
109,404,[  7.         412.37609501],[0.         0.64761484],[  7.         411.61722173],[  7.         413.26076721],"[13, 19, 18, 20, 5, 3, 7, 23, 21, 2, 1, 16, 14, 12, 24, 25, 22, 8, 11, 9, 6, 4, 10, 15, 17]","(7.0, 411.61722173234244)"
110,428,[  7.        411.9751107],[0.         0.41115864],[  7.         410.29977353],[  7.         412.43212038],"[13, 19, 18, 23, 5, 3, 7, 20, 21, 2, 1, 16, 14, 12, 24, 25, 22, 4, 6, 9, 11, 8, 10, 15, 17]","(7.0, 410.29977353441853)"
111,432,[  7.         411.68552466],[0.         0.23706424],[  7.         410.29977353],[  7.         412.43212038],"[13, 19, 18, 23, 5, 3, 7, 20, 21, 2, 1, 16, 14, 12, 24, 25, 22, 4, 6, 9, 11, 8, 10, 15, 17]","(7.0, 410.29977353441853)"
112,448,[  7.         411.61177272],[0.        0.0832409],[  7.         410.29977353],[  7.         411.61722173],"[13, 19, 18, 23, 5, 3, 7, 20, 21, 2, 1, 16, 14, 12, 24, 25, 22, 4, 6, 9, 11, 8, 10, 15, 17]","(7.0, 410.29977353441853)"
113,444,[  7.         411.60386803],[0.         0.13112756],[  7.         410.29977353],[  7.         411.61722173],"[13, 19, 18, 23, 5, 3, 7, 20, 21, 2, 1, 16, 14, 12, 24, 25, 22, 4, 6, 9, 11, 8, 10, 15, 17]","(7.0, 410.29977353441853)"
114,426,[  7.         411.60123313],[0.        0.1434868],[  7.         410.29977353],[  7.         411.61722173],"[13, 19, 18, 23, 5, 3, 7, 20, 21, 2, 1, 16, 14, 12, 24, 25, 22, 4, 6, 9, 11, 8, 10, 15, 17]","(7.0, 410.29977353441853)"
115,440,[  7.         411.57997474],[0.         0.21735578],[  7.         410.29977353],[  7.         411.61722173],"[13, 19, 18, 23, 5, 3, 7, 20, 21, 2, 1, 16, 14, 12, 24, 25, 22, 4, 6, 9, 11, 8, 10, 15, 17]","(7.0, 410.29977353441853)"
116,430,[  7.         411.55081166],[0.         0.28709122],[  7.         410.29977353],[  7.         411.61722173],"[13, 19, 18, 23, 5, 3, 7, 20, 21, 2, 1, 16, 14, 12, 24, 25, 22, 4, 6, 9, 11, 8, 10, 15, 17]","(7.0, 410.29977353441853)"
117,422,[  7.         411.50829487],[0.         0.36130342],[  7.         410.29977353],[  7.         411.61722173],"[13, 19, 18, 23, 5, 3, 7, 20, 21, 2, 1, 16, 14, 12, 24, 25, 22, 4, 6, 9, 11, 8, 10, 15, 17]","(7.0, 410.29977353441853)"
118,434,[  7.         411.42607542],[0.         0.46209091],[  7.         410.29977353],[  7.         411.61722173],"[13, 19, 18, 23, 5, 3, 7, 20, 21, 2, 1, 16, 14, 12, 24, 25, 22, 4, 6, 9, 11, 8, 10, 15, 17]","(7.0, 410.29977353441853)"
119,434,[  7.         411.31581104],[0.       0.549826],[  7.         410.29977353],[  7.         411.61722173],"[13, 19, 18, 23, 5, 3, 7, 20, 21, 2, 1, 16, 14, 12, 24, 25, 22, 4, 6, 9, 11, 8, 10, 15, 17]","(7.0, 410.29977353441853)"
120,414,[  7.         411.10696812],[0.         0.63676689],[  7.         410.29977353],[  7.         411.61722173],"[13, 19, 18, 23, 5, 3, 7, 20, 21, 2, 1, 16, 14, 12, 24, 25, 22, 4, 6, 9, 11, 8, 10, 15, 17]","(7.0, 410.29977353441853)"
121,422,[  7.         410.70023207],[0.         0.60792056],[  7.         408.43842278],[  7.         411.61722173],"[13, 19, 18, 23, 5, 3, 7, 21, 20, 2, 1, 16, 14, 12, 24, 25, 22, 4, 6, 9, 11, 8, 10, 15, 17]","(7.0, 408.438422777205)"
122,436,[  7.         410.29232813],[0.         0.11748648],[  7.         408.43842278],[  7.         410.29977353],"[13, 19, 18, 23, 5, 3, 7, 21, 20, 2, 1, 16, 14, 12, 24, 25, 22, 4, 6, 9, 11, 8, 10, 15, 17]","(7.0, 408.438422777205)"
123,430,[  7.         410.27743733],[0.         0.20267366],[  7.         408.43842278],[  7.         410.29977353],"[13, 19, 18, 23, 5, 3, 7, 21, 20, 2, 1, 16, 14, 12, 24, 25, 22, 4, 6, 9, 11, 8, 10, 15, 17]","(7.0, 408.438422777205)"
124,424,[  7.         410.24393301],[0.         0.31752265],[  7.         408.43842278],[  7.         410.29977353],"[13, 19, 18, 23, 5, 3, 7, 21, 20, 2, 1, 16, 14, 12, 24, 25, 22, 4, 6, 9, 11, 8, 10, 15, 17]","(7.0, 408.438422777205)"
125,414,[  7.       410.206706],[0.         0.40567199],[  7.         408.43842278],[  7.         410.29977353],"[13, 19, 18, 23, 5, 3, 7, 21, 20, 2, 1, 16, 14, 12, 24, 25, 22, 4, 6, 9, 11, 8, 10, 15, 17]","(7.0, 408.438422777205)"
126,428,[  7.         410.15086547],[0.        0.5049718],[  7.         408.43842278],[  7.         410.29977353],"[13, 19, 18, 23, 5, 3, 7, 21, 20, 2, 1, 16, 14, 12, 24, 25, 22, 4, 6, 9, 11, 8, 10, 15, 17]","(7.0, 408.438422777205)"
127,442,[  7.         410.04611047],[0.         0.63650853],[  7.         408.43842278],[  7.         410.29977353],"[13, 19, 18, 23, 5, 3, 7, 21, 20, 2, 1, 16, 14, 12, 24, 25, 22, 4, 6, 9, 11, 8, 10, 15, 17]","(7.0, 408.438422777205)"
128,430,[  7.        409.9280943],[0.         0.73704382],[  7.         408.43842278],[  7.         410.29977353],"[13, 19, 18, 23, 5, 3, 7, 21, 20, 2, 1, 16, 14, 12, 24, 25, 22, 4, 6, 9, 11, 8, 10, 15, 17]","(7.0, 408.438422777205)"
129,448,[  7.         409.67510053],[0.         0.86811616],[  7.         408.43842278],[  7.         410.29977353],"[13, 19, 18, 23, 5, 3, 7, 21, 20, 2, 1, 16, 14, 12, 24, 25, 22, 4, 6, 9, 11, 8, 10, 15, 17]","(7.0, 408.438422777205)"
130,422,[  7.         409.28826427],[0.         0.90983363],[  7.         408.43842278],[  7.         410.29977353],"[13, 19, 18, 23, 5, 3, 7, 21, 20, 2, 1, 16, 14, 12, 24, 25, 22, 4, 6, 9, 11, 8, 10, 15, 17]","(7.0, 408.438422777205)"
131,424,[  7.         408.64240879],[0.         0.52889067],[  7.         408.43842278],[  7.         410.29977353],"[13, 19, 18, 23, 5, 3, 7, 21, 20, 2, 1, 16, 14, 12, 24, 25, 22, 4, 6, 9, 11, 8, 10, 15, 17]","(7.0, 408.438422777205)"
132,420,[  7.         408.43842278],[0.00000000e+00 2.33058017e-12],[  7.         408.43842278],[  7.         408.43842278],"[13, 19, 18, 23, 5, 3, 7, 21, 20, 2, 1, 16, 14, 12, 24, 25, 22, 4, 6, 9, 11, 8, 10, 15, 17]","(7.0, 408.438422777205)"
133,414,[  7.         408.43842278],[0.00000000e+00 2.33058017e-12],[  7.         408.43842278],[  7.         408.43842278],"[13, 19, 18, 23, 5, 3, 7, 21, 20, 2, 1, 16, 14, 12, 24, 25, 22, 4, 6, 9, 11, 8, 10, 15, 17]","(7.0, 408.438422777205)"
134,420,[  7.         408.43842278],[0.00000000e+00 2.33058017e-12],[  7.         408.43842278],[  7.         408.43842278],"[13, 19, 18, 23, 5, 3, 7, 21, 20, 2, 1, 16, 14, 12, 24, 25, 22, 4, 6, 9, 11, 8, 10, 15, 17]","(7.0, 408.438422777205)"
135,434,[  7.         408.43842278],[0.00000000e+00 2.33058017e-12],[  7.         408.43842278],[  7.         408.43842278],"[13, 19, 18, 23, 5, 3, 7, 21, 20, 2, 1, 16, 14, 12, 24, 25, 22, 4, 6, 9, 11, 8, 10, 15, 17]","(7.0, 408.438422777205)"
136,404,[  7.         408.43842278],[0.00000000e+00 2.33058017e-12],[  7.         408.43842278],[  7.         408.43842278],"[13, 19, 18, 23, 5, 3, 7, 21, 20, 2, 1, 16, 14, 12, 24, 25, 22, 4, 6, 9, 11, 8, 10, 15, 17]","(7.0, 408.438422777205)"
137,420,[  7.         408.43842278],[0.00000000e+00 2.33058017e-12],[  7.         408.43842278],[  7.         408.43842278],"[13, 19, 18, 23, 5, 3, 7, 21, 20, 2, 1, 16, 14, 12, 24, 25, 22, 4, 6, 9, 11, 8, 10, 15, 17]","(7.0, 408.438422777205)"
138,410,[  7.         408.43842278],[0.00000000e+00 2.33058017e-12],[  7.         408.43842278],[  7.         408.43842278],"[13, 19, 18, 23, 5, 3, 7, 21, 20, 2, 1, 16, 14, 12, 24, 25, 22, 4, 6, 9, 11, 8, 10, 15, 17]","(7.0, 408.438422777205)"
139,446,[  7.         408.43842278],[0.00000000e+00 2.33058017e-12],[  7.         408.43842278],[  7.         408.43842278],"[13, 19, 18, 23, 5, 3, 7, 21, 20, 2, 1, 16, 14, 12, 24, 25, 22, 4, 6, 9, 11, 8, 10, 15, 17]","(7.0, 408.438422777205)"
140,428,[  7.         408.43842278],[0.00000000e+00 2.33058017e-12],[  7.         408.43842278],[  7.         408.43842278],"[13, 19, 18, 23, 5, 3, 7, 21, 20, 2, 1, 16, 14, 12, 24, 25, 22, 4, 6, 9, 11, 8, 10, 15, 17]","(7.0, 408.438422777205)"
141,438,[  7.         408.43842278],[0.00000000e+00 2.33058017e-12],[  7.         408.43842278],[  7.         408.43842278],"[13, 19, 18, 23, 5, 3, 7, 21, 20, 2, 1, 16, 14, 12, 24, 25, 22, 4, 6, 9, 11, 8, 10, 15, 17]","(7.0, 408.438422777205)"
142,430,[  7.         408.43842278],[0.00000000e+00 2.33058017e-12],[  7.         408.43842278],[  7.         408.43842278],"[13, 19, 18, 23, 5, 3, 7, 21, 20, 2, 1, 16, 14, 12, 24, 25, 22, 4, 6, 9, 11, 8, 10, 15, 17]","(7.0, 408.438422777205)"
143,426,[  7.         408.43842278],[0.00000000e+00 2.33058017e-12],[  7.         408.43842278],[  7.         408.43842278],"[13, 19, 18, 23, 5, 3, 7, 21, 20, 2, 1, 16, 14, 12, 24, 25, 22, 4, 6, 9, 11, 8, 10, 15, 17]","(7.0, 408.438422777205)"
144,408,[  7.         408.43842278],[0.00000000e+00 2.33058017e-12],[  7.         408.43842278],[  7.         408.43842278],"[13, 19, 18, 23, 5, 3, 7, 21, 20, 2, 1, 16, 14, 12, 24, 25, 22, 4, 6, 9, 11, 8, 10, 15, 17]","(7.0, 408.438422777205)"
145,412,[  7.         408.43842278],[0.00000000e+00 2.33058017e-12],[  7.         408.43842278],[  7.         408.43842278],"[13, 19, 18, 23, 5, 3, 7, 21, 20, 2, 1, 16, 14, 12, 24, 25, 22, 4, 6, 9, 11, 8, 10, 15, 17]","(7.0, 408.438422777205)"
146,434,[  7.         408.43842278],[0.00000000e+00 2.33058017e-12],[  7.         408.43842278],[  7.         408.43842278],"[13, 19, 18, 23, 5, 3, 7, 21, 20, 2, 1, 16, 14, 12, 24, 25, 22, 4, 6, 9, 11, 8, 10, 15, 17]","(7.0, 408.438422777205)"
147,422,[  7.         408.43842278],[0.00000000e+00 2.33058017e-12],[  7.         408.43842278],[  7.         408.43842278],"[13, 19, 18, 23, 5, 3, 7, 21, 20, 2, 1, 16, 14, 12, 24, 25, 22, 4, 6, 9, 11, 8, 10, 15, 17]","(7.0, 408.438422777205)"
148,412,[  7.         408.43842278],[0.00000000e+00 2.33058017e-12],[  7.         408.43842278],[  7.         408.43842278],"[13, 19, 18, 23, 5, 3, 7, 21, 20, 2, 1, 16, 14, 12, 24, 25, 22, 4, 6, 9, 11, 8, 10, 15, 17]","(7.0, 408.438422777205)"
149,438,[  7.         408.43842278],[0.00000000e+00 2.33058017e-12],[  7.         408.43842278],[  7.         408.43842278],"[13, 19, 18, 23, 5, 3, 7, 21, 20, 2, 1, 16, 14, 12, 24, 25, 22, 4, 6, 9, 11, 8, 10, 15, 17]","(7.0, 408.438422777205)"
150,422,[  7.         408.43842278],[0.00000000e+00 2.33058017e-12],[  7.         408.43842278],[  7.         408.43842278],"[13, 19, 18, 23, 5, 3, 7, 21, 20, 2, 1, 16, 14, 12, 24, 25, 22, 4, 6, 9, 11, 8, 10, 15, 17]","(7.0, 408.438422777205)"
151,418,[  7.         408.43842278],[0.00000000e+00 2.33058017e-12],[  7.         408.43842278],[  7.         408.43842278],"[13, 19, 18, 23, 5, 3, 7, 21, 20, 2, 1, 16, 14, 12, 24, 25, 22, 4, 6, 9, 11, 8, 10, 15, 17]","(7.0, 408.438422777205)"
152,422,[  7.         408.43842278],[0.00000000e+00 2.33058017e-12],[  7.         408.43842278],[  7.         408.43842278],"[13, 19, 18, 23, 5, 3, 7, 21, 20, 2, 1, 16, 14, 12, 24, 25, 22, 4, 6, 9, 11, 8, 10, 15, 17]","(7.0, 408.438422777205)"
153,402,[  7.         408.43842278],[0.00000000e+00 2.33058017e-12],[  7.         408.43842278],[  7.         408.43842278],"[13, 19, 18, 23, 5, 3, 7, 21, 20, 2, 1, 16, 14, 12, 24, 25, 22, 4, 6, 9, 11, 8, 10, 15, 17]","(7.0, 408.438422777205)"
154,444,[  7.         408.43842278],[0.00000000e+00 2.33058017e-12],[  7.         408.43842278],[  7.         408.43842278],"[13, 19, 18, 23, 5, 3, 7, 21, 20, 2, 1, 16, 14, 12, 24, 25, 22, 4, 6, 9, 11, 8, 10, 15, 17]","(7.0, 408.438422777205)"
155,414,[  7.         408.43842278],[0.00000000e+00 2.33058017e-12],[  7.         408.43842278],[  7.         408.43842278],"[13, 19, 18, 23, 5, 3, 7, 21, 20, 2, 1, 16, 14, 12, 24, 25, 22, 4, 6, 9, 11, 8, 10, 15, 17]","(7.0, 408.438422777205)"
156,436,[  7.         408.43842278],[0.00000000e+00 2.33058017e-12],[  7.         408.43842278],[  7.         408.43842278],"[13, 19, 18, 23, 5, 3, 7, 21, 20, 2, 1, 16, 14, 12, 24, 25, 22, 4, 6, 9, 11, 8, 10, 15, 17]","(7.0, 408.438422777205)"
157,424,[  7.         408.43842278],[0.00000000e+00 2.33058017e-12],[  7.         408.43842278],[  7.         408.43842278],"[13, 19, 18, 23, 5, 3, 7, 21, 20, 2, 1, 16, 14, 12, 24, 25, 22, 4, 6, 9, 11, 8, 10, 15, 17]","(7.0, 408.438422777205)"
158,432,[  7.         408.43842278],[0.00000000e+00 2.33058017e-12],[  7.         408.43842278],[  7.         408.43842278],"[13, 19, 18, 23, 5, 3, 7, 21, 20, 2, 1, 16, 14, 12, 24, 25, 22, 4, 6, 9, 11, 8, 10, 15, 17]","(7.0, 408.438422777205)"
159,424,[  7.         408.43842278],[0.00000000e+00 2.33058017e-12],[  7.         408.43842278],[  7.         408.43842278],"[13, 19, 18, 23, 5, 3, 7, 21, 20, 2, 1, 16, 14, 12, 24, 25, 22, 4, 6, 9, 11, 8, 10, 15, 17]","(7.0, 408.438422777205)"
160,428,[  7.         408.43842278],[0.00000000e+00 2.33058017e-12],[  7.         408.43842278],[  7.         408.43842278],"[13, 19, 18, 23, 5, 3, 7, 21, 20, 2, 1, 16, 14, 12, 24, 25, 22, 4, 6, 9, 11, 8, 10, 15, 17]","(7.0, 408.438422777205)"
161,398,[  7.         408.43842278],[0.00000000e+00 2.33058017e-12],[  7.         408.43842278],[  7.         408.43842278],"[13, 19, 18, 23, 5, 3, 7, 21, 20, 2, 1, 16, 14, 12, 24, 25, 22, 4, 6, 9, 11, 8, 10, 15, 17]","(7.0, 408.438422777205)"
162,418,[  7.         408.43842278],[0.00000000e+00 2.33058017e-12],[  7.         408.43842278],[  7.         408.43842278],"[13, 19, 18, 23, 5, 3, 7, 21, 20, 2, 1, 16, 14, 12, 24, 25, 22, 4, 6, 9, 11, 8, 10, 15, 17]","(7.0, 408.438422777205)"
163,418,[  7.         408.43842278],[0.00000000e+00 2.33058017e-12],[  7.         408.43842278],[  7.         408.43842278],"[13, 19, 18, 23, 5, 3, 7, 21, 20, 2, 1, 16, 14, 12, 24, 25, 22, 4, 6, 9, 11, 8, 10, 15, 17]","(7.0, 408.438422777205)"
164,432,[  7.         408.43842278],[0.00000000e+00 2.33058017e-12],[  7.         408.43842278],[  7.         408.43842278],"[13, 19, 18, 23, 5, 3, 7, 21, 20, 2, 1, 16, 14, 12, 24, 25, 22, 4, 6, 9, 11, 8, 10, 15, 17]","(7.0, 408.438422777205)"
165,428,[  7.         408.43842278],[0.00000000e+00 2.33058017e-12],[  7.         408.43842278],[  7.         408.43842278],"[13, 19, 18, 23, 5, 3, 7, 21, 20, 2, 1, 16, 14, 12, 24, 25, 22, 4, 6, 9, 11, 8, 10, 15, 17]","(7.0, 408.438422777205)"
166,416,[  7.         408.43842278],[0.00000000e+00 2.33058017e-12],[  7.         408.43842278],[  7.         408.43842278],"[13, 19, 18, 23, 5, 3, 7, 21, 20, 2, 1, 16, 14, 12, 24, 25, 22, 4, 6, 9, 11, 8, 10, 15, 17]","(7.0, 408.438422777205)"
167,420,[  7.         408.43842278],[0.00000000e+00 2.33058017e-12],[  7.         408.43842278],[  7.         408.43842278],"[13, 19, 18, 23, 5, 3, 7, 21, 20, 2, 1, 16, 14, 12, 24, 25, 22, 4, 6, 9, 11, 8, 10, 15, 17]","(7.0, 408.438422777205)"
168,418,[  7.         408.43842278],[0.00000000e+00 2.33058017e-12],[  7.         408.43842278],[  7.         408.43842278],"[13, 19, 18, 23, 5, 3, 7, 21, 20, 2, 1, 16, 14, 12, 24, 25, 22, 4, 6, 9, 11, 8, 10, 15, 17]","(7.0, 408.438422777205)"
169,420,[  7.         408.43842278],[0.00000000e+00 2.33058017e-12],[  7.         408.43842278],[  7.         408.43842278],"[13, 19, 18, 23, 5, 3, 7, 21, 20, 2, 1, 16, 14, 12, 24, 25, 22, 4, 6, 9, 11, 8, 10, 15, 17]","(7.0, 408.438422777205)"
170,428,[  7.         408.43842278],[0.00000000e+00 2.33058017e-12],[  7.         408.43842278],[  7.         408.43842278],"[13, 19, 18, 23, 5, 3, 7, 21, 20, 2, 1, 16, 14, 12, 24, 25, 22, 4, 6, 9, 11, 8, 10, 15, 17]","(7.0, 408.438422777205)"
171,420,[  7.         408.43842278],[0.00000000e+00 2.33058017e-12],[  7.         408.43842278],[  7.         408.43842278],"[13, 19, 18, 23, 5, 3, 7, 21, 20, 2, 1, 16, 14, 12, 24, 25, 22, 4, 6, 9, 11, 8, 10, 15, 17]","(7.0, 408.438422777205)"
172,424,[  7.         408.43842278],[0.00000000e+00 2.33058017e-12],[  7.         408.43842278],[  7.         408.43842278],"[13, 19, 18, 23, 5, 3, 7, 21, 20, 2, 1, 16, 14, 12, 24, 25, 22, 4, 6, 9, 11, 8, 10, 15, 17]","(7.0, 408.438422777205)"
173,440,[  7.         408.43842278],[0.00000000e+00 2.33058017e-12],[  7.         408.43842278],[  7.         408.43842278],"[13, 19, 18, 23, 5, 3, 7, 21, 20, 2, 1, 16, 14, 12, 24, 25, 22, 4, 6, 9, 11, 8, 10, 15, 17]","(7.0, 408.438422777205)"
174,436,[  7.         408.43842278],[0.00000000e+00 2.33058017e-12],[  7.         408.43842278],[  7.         408.43842278],"[13, 19, 18, 23, 5, 3, 7, 21, 20, 2, 1, 16, 14, 12, 24, 25, 22, 4, 6, 9, 11, 8, 10, 15, 17]","(7.0, 408.438422777205)"
175,430,[  7.         408.43842278],[0.00000000e+00 2.33058017e-12],[  7.         408.43842278],[  7.         408.43842278],"[13, 19, 18, 23, 5, 3, 7, 21, 20, 2, 1, 16, 14, 12, 24, 25, 22, 4, 6, 9, 11, 8, 10, 15, 17]","(7.0, 408.438422777205)"
176,450,[  7.         408.43842278],[0.00000000e+00 2.33058017e-12],[  7.         408.43842278],[  7.         408.43842278],"[13, 19, 18, 23, 5, 3, 7, 21, 20, 2, 1, 16, 14, 12, 24, 25, 22, 4, 6, 9, 11, 8, 10, 15, 17]","(7.0, 408.438422777205)"
177,402,[  7.         408.43842278],[0.00000000e+00 2.33058017e-12],[  7.         408.43842278],[  7.         408.43842278],"[13, 19, 18, 23, 5, 3, 7, 21, 20, 2, 1, 16, 14, 12, 24, 25, 22, 4, 6, 9, 11, 8, 10, 15, 17]","(7.0, 408.438422777205)"
178,420,[  7.         408.43842278],[0.00000000e+00 2.33058017e-12],[  7.         408.43842278],[  7.         408.43842278],"[13, 19, 18, 23, 5, 3, 7, 21, 20, 2, 1, 16, 14, 12, 24, 25, 22, 4, 6, 9, 11, 8, 10, 15, 17]","(7.0, 408.438422777205)"
179,404,[  7.         408.43842278],[0.00000000e+00 2.33058017e-12],[  7.         408.43842278],[  7.         408.43842278],"[13, 19, 18, 23, 5, 3, 7, 21, 20, 2, 1, 16, 14, 12, 24, 25, 22, 4, 6, 9, 11, 8, 10, 15, 17]","(7.0, 408.438422777205)"
180,458,[  7.         408.43842278],[0.00000000e+00 2.33058017e-12],[  7.         408.43842278],[  7.         408.43842278],"[13, 19, 18, 23, 5, 3, 7, 21, 20, 2, 1, 16, 14, 12, 24, 25, 22, 4, 6, 9, 11, 8, 10, 15, 17]","(7.0, 408.438422777205)"
181,420,[  7.         408.43842278],[0.00000000e+00 2.33058017e-12],[  7.         408.43842278],[  7.         408.43842278],"[13, 19, 18, 23, 5, 3, 7, 21, 20, 2, 1, 16, 14, 12, 24, 25, 22, 4, 6, 9, 11, 8, 10, 15, 17]","(7.0, 408.438422777205)"
182,418,[  7.         408.43842278],[0.00000000e+00 2.33058017e-12],[  7.         408.43842278],[  7.         408.43842278],"[13, 19, 18, 23, 5, 3, 7, 21, 20, 2, 1, 16, 14, 12, 24, 25, 22, 4, 6, 9, 11, 8, 10, 15, 17]","(7.0, 408.438422777205)"
183,414,[  7.         408.43842278],[0.00000000e+00 2.33058017e-12],[  7.         408.43842278],[  7.         408.43842278],"[13, 19, 18, 23, 5, 3, 7, 21, 20, 2, 1, 16, 14, 12, 24, 25, 22, 4, 6, 9, 11, 8, 10, 15, 17]","(7.0, 408.438422777205)"
184,420,[  7.         408.43842278],[0.00000000e+00 2.33058017e-12],[  7.         408.43842278],[  7.         408.43842278],"[13, 19, 18, 23, 5, 3, 7, 21, 20, 2, 1, 16, 14, 12, 24, 25, 22, 4, 6, 9, 11, 8, 10, 15, 17]","(7.0, 408.438422777205)"
185,434,[  7.         408.43842278],[0.00000000e+00 2.33058017e-12],[  7.         408.43842278],[  7.         408.43842278],"[13, 19, 18, 23, 5, 3, 7, 21, 20, 2, 1, 16, 14, 12, 24, 25, 22, 4, 6, 9, 11, 8, 10, 15, 17]","(7.0, 408.438422777205)"
186,436,[  7.         408.43842278],[0.00000000e+00 2.33058017e-12],[  7.         408.43842278],[  7.         408.43842278],"[13, 19, 18, 23, 5, 3, 7, 21, 20, 2, 1, 16, 14, 12, 24, 25, 22, 4, 6, 9, 11, 8, 10, 15, 17]","(7.0, 408.438422777205)"
187,430,[  7.         408.43842278],[0.00000000e+00 2.33058017e-12],[  7.         408.43842278],[  7.         408.43842278],"[13, 19, 18, 23, 5, 3, 7, 21, 20, 2, 1, 16, 14, 12, 24, 25, 22, 4, 6, 9, 11, 8, 10, 15, 17]","(7.0, 408.438422777205)"
188,440,[  7.         408.43842278],[0.00000000e+00 2.33058017e-12],[  7.         408.43842278],[  7.         408.43842278],"[13, 19, 18, 23, 5, 3, 7, 21, 20, 2, 1, 16, 14, 12, 24, 25, 22, 4, 6, 9, 11, 8, 10, 15, 17]","(7.0, 408.438422777205)"
189,434,[  7.         408.43842278],[0.00000000e+00 2.33058017e-12],[  7.         408.43842278],[  7.         408.43842278],"[13, 19, 18, 23, 5, 3, 7, 21, 20, 2, 1, 16, 14, 12, 24, 25, 22, 4, 6, 9, 11, 8, 10, 15, 17]","(7.0, 408.438422777205)"
190,432,[  7.         408.43842278],[0.00000000e+00 2.33058017e-12],[  7.         408.43842278],[  7.         408.43842278],"[13, 19, 18, 23, 5, 3, 7, 21, 20, 2, 1, 16, 14, 12, 24, 25, 22, 4, 6, 9, 11, 8, 10, 15, 17]","(7.0, 408.438422777205)"
191,420,[  7.         408.43842278],[0.00000000e+00 2.33058017e-12],[  7.         408.43842278],[  7.         408.43842278],"[13, 19, 18, 23, 5, 3, 7, 21, 20, 2, 1, 16, 14, 12, 24, 25, 22, 4, 6, 9, 11, 8, 10, 15, 17]","(7.0, 408.438422777205)"
192,428,[  7.         408.43842278],[0.00000000e+00 2.33058017e-12],[  7.         408.43842278],[  7.         408.43842278],"[13, 19, 18, 23, 5, 3, 7, 21, 20, 2, 1, 16, 14, 12, 24, 25, 22, 4, 6, 9, 11, 8, 10, 15, 17]","(7.0, 408.438422777205)"
193,426,[  7.         408.43842278],[0.00000000e+00 2.33058017e-12],[  7.         408.43842278],[  7.         408.43842278],"[13, 19, 18, 23, 5, 3, 7, 21, 20, 2, 1, 16, 14, 12, 24, 25, 22, 4, 6, 9, 11, 8, 10, 15, 17]","(7.0, 408.438422777205)"
194,418,[  7.         408.43842278],[0.00000000e+00 2.33058017e-12],[  7.         408.43842278],[  7.         408.43842278],"[13, 19, 18, 23, 5, 3, 7, 21, 20, 2, 1, 16, 14, 12, 24, 25, 22, 4, 6, 9, 11, 8, 10, 15, 17]","(7.0, 408.438422777205)"
195,440,[  7.         408.43842278],[0.00000000e+00 2.33058017e-12],[  7.         408.43842278],[  7.         408.43842278],"[13, 19, 18, 23, 5, 3, 7, 21, 20, 2, 1, 16, 14, 12, 24, 25, 22, 4, 6, 9, 11, 8, 10, 15, 17]","(7.0, 408.438422777205)"
196,398,[  7.         408.43842278],[0.00000000e+00 2.33058017e-12],[  7.         408.43842278],[  7.         408.43842278],"[13, 19, 18, 23, 5, 3, 7, 21, 20, 2, 1, 16, 14, 12, 24, 25, 22, 4, 6, 9, 11, 8, 10, 15, 17]","(7.0, 408.438422777205)"
197,420,[  7.         408.43842278],[0.00000000e+00 2.33058017e-12],[  7.         408.43842278],[  7.         408.43842278],"[13, 19, 18, 23, 5, 3, 7, 21, 20, 2, 1, 16, 14, 12, 24, 25, 22, 4, 6, 9, 11, 8, 10, 15, 17]","(7.0, 408.438422777205)"
198,418,[  7.         408.43842278],[0.00000000e+00 2.33058017e-12],[  7.         408.43842278],[  7.         408.43842278],"[13, 19, 18, 23, 5, 3, 7, 21, 20, 2, 1, 16, 14, 12, 24, 25, 22, 4, 6, 9, 11, 8, 10, 15, 17]","(7.0, 408.438422777205)"
199,442,[  7.         408.43842278],[0.00000000e+00 2.33058017e-12],[  7.         408.43842278],[  7.         408.43842278],"[13, 19, 18, 23, 5, 3, 7, 21, 20, 2, 1, 16, 14, 12, 24, 25, 22, 4, 6, 9, 11, 8, 10, 15, 17]","(7.0, 408.438422777205)"
200,418,[  7.         408.43842278],[0.00000000e+00 2.33058017e-12],[  7.         408.43842278],[  7.         408.43842278],"[13, 19, 18, 23, 5, 3, 7, 21, 20, 2, 1, 16, 14, 12, 24, 25, 22, 4, 6, 9, 11, 8, 10, 15, 17]","(7.0, 408.438422777205)"
201,428,[  7.         408.43842278],[0.00000000e+00 2.33058017e-12],[  7.         408.43842278],[  7.         408.43842278],"[13, 19, 18, 23, 5, 3, 7, 21, 20, 2, 1, 16, 14, 12, 24, 25, 22, 4, 6, 9, 11, 8, 10, 15, 17]","(7.0, 408.438422777205)"
202,424,[  7.         408.43842278],[0.00000000e+00 2.33058017e-12],[  7.         408.43842278],[  7.         408.43842278],"[13, 19, 18, 23, 5, 3, 7, 21, 20, 2, 1, 16, 14, 12, 24, 25, 22, 4, 6, 9, 11, 8, 10, 15, 17]","(7.0, 408.438422777205)"
203,412,[  7.         408.43842278],[0.00000000e+00 2.33058017e-12],[  7.         408.43842278],[  7.         408.43842278],"[13, 19, 18, 23, 5, 3, 7, 21, 20, 2, 1, 16, 14, 12, 24, 25, 22, 4, 6, 9, 11, 8, 10, 15, 17]","(7.0, 408.438422777205)"
204,432,[  7.         408.43842278],[0.00000000e+00 2.33058017e-12],[  7.         408.43842278],[  7.         408.43842278],"[13, 19, 18, 23, 5, 3, 7, 21, 20, 2, 1, 16, 14, 12, 24, 25, 22, 4, 6, 9, 11, 8, 10, 15, 17]","(7.0, 408.438422777205)"
205,428,[  7.         408.43842278],[0.00000000e+00 2.33058017e-12],[  7.         408.43842278],[  7.         408.43842278],"[13, 19, 18, 23, 5, 3, 7, 21, 20, 2, 1, 16, 14, 12, 24, 25, 22, 4, 6, 9, 11, 8, 10, 15, 17]","(7.0, 408.438422777205)"
206,416,[  7.         408.43842278],[0.00000000e+00 2.33058017e-12],[  7.         408.43842278],[  7.         408.43842278],"[13, 19, 18, 23, 5, 3, 7, 21, 20, 2, 1, 16, 14, 12, 24, 25, 22, 4, 6, 9, 11, 8, 10, 15, 17]","(7.0, 408.438422777205)"
207,436,[  7.         408.43842278],[0.00000000e+00 2.33058017e-12],[  7.         408.43842278],[  7.         408.43842278],"[13, 19, 18, 23, 5, 3, 7, 21, 20, 2, 1, 16, 14, 12, 24, 25, 22, 4, 6, 9, 11, 8, 10, 15, 17]","(7.0, 408.438422777205)"
208,418,[  7.         408.43842278],[0.00000000e+00 2.33058017e-12],[  7.         408.43842278],[  7.         408.43842278],"[13, 19, 18, 23, 5, 3, 7, 21, 20, 2, 1, 16, 14, 12, 24, 25, 22, 4, 6, 9, 11, 8, 10, 15, 17]","(7.0, 408.438422777205)"
209,408,[  7.         408.43842278],[0.00000000e+00 2.33058017e-12],[  7.         408.43842278],[  7.         408.43842278],"[13, 19, 18, 23, 5, 3, 7, 21, 20, 2, 1, 16, 14, 12, 24, 25, 22, 4, 6, 9, 11, 8, 10, 15, 17]","(7.0, 408.438422777205)"
210,428,[  7.         408.43842278],[0.00000000e+00 2.33058017e-12],[  7.         408.43842278],[  7.         408.43842278],"[13, 19, 18, 23, 5, 3, 7, 21, 20, 2, 1, 16, 14, 12, 24, 25, 22, 4, 6, 9, 11, 8, 10, 15, 17]","(7.0, 408.438422777205)"
211,424,[  7.         408.43842278],[0.00000000e+00 2.33058017e-12],[  7.         408.43842278],[  7.         408.43842278],"[13, 19, 18, 23, 5, 3, 7, 21, 20, 2, 1, 16, 14, 12, 24, 25, 22, 4, 6, 9, 11, 8, 10, 15, 17]","(7.0, 408.438422777205)"
212,430,[  7.         408.43842278],[0.00000000e+00 2.33058017e-12],[  7.         408.43842278],[  7.         408.43842278],"[13, 19, 18, 23, 5, 3, 7, 21, 20, 2, 1, 16, 14, 12, 24, 25, 22, 4, 6, 9, 11, 8, 10, 15, 17]","(7.0, 408.438422777205)"
213,412,[  7.         408.43842278],[0.00000000e+00 2.33058017e-12],[  7.         408.43842278],[  7.         408.43842278],"[13, 19, 18, 23, 5, 3, 7, 21, 20, 2, 1, 16, 14, 12, 24, 25, 22, 4, 6, 9, 11, 8, 10, 15, 17]","(7.0, 408.438422777205)"
214,428,[  7.         408.43842278],[0.00000000e+00 2.33058017e-12],[  7.         408.43842278],[  7.         408.43842278],"[13, 19, 18, 23, 5, 3, 7, 21, 20, 2, 1, 16, 14, 12, 24, 25, 22, 4, 6, 9, 11, 8, 10, 15, 17]","(7.0, 408.438422777205)"
215,414,[  7.         408.43842278],[0.00000000e+00 2.33058017e-12],[  7.         408.43842278],[  7.         408.43842278],"[13, 19, 18, 23, 5, 3, 7, 21, 20, 2, 1, 16, 14, 12, 24, 25, 22, 4, 6, 9, 11, 8, 10, 15, 17]","(7.0, 408.438422777205)"
216,418,[  7.         408.43842278],[0.00000000e+00 2.33058017e-12],[  7.         408.43842278],[  7.         408.43842278],"[13, 19, 18, 23, 5, 3, 7, 21, 20, 2, 1, 16, 14, 12, 24, 25, 22, 4, 6, 9, 11, 8, 10, 15, 17]","(7.0, 408.438422777205)"
217,444,[  7.         408.43842278],[0.00000000e+00 2.33058017e-12],[  7.         408.43842278],[  7.         408.43842278],"[13, 19, 18, 23, 5, 3, 7, 21, 20, 2, 1, 16, 14, 12, 24, 25, 22, 4, 6, 9, 11, 8, 10, 15, 17]","(7.0, 408.438422777205)"
218,426,[  7.         408.43842278],[0.00000000e+00 2.33058017e-12],[  7.         408.43842278],[  7.         408.43842278],"[13, 19, 18, 23, 5, 3, 7, 21, 20, 2, 1, 16, 14, 12, 24, 25, 22, 4, 6, 9, 11, 8, 10, 15, 17]","(7.0, 408.438422777205)"
219,444,[  7.         408.43842278],[0.00000000e+00 2.33058017e-12],[  7.         408.43842278],[  7.         408.43842278],"[13, 19, 18, 23, 5, 3, 7, 21, 20, 2, 1, 16, 14, 12, 24, 25, 22, 4, 6, 9, 11, 8, 10, 15, 17]","(7.0, 408.438422777205)"
220,416,[  7.         408.43842278],[0.00000000e+00 2.33058017e-12],[  7.         408.43842278],[  7.         408.43842278],"[13, 19, 18, 23, 5, 3, 7, 21, 20, 2, 1, 16, 14, 12, 24, 25, 22, 4, 6, 9, 11, 8, 10, 15, 17]","(7.0, 408.438422777205)"
221,422,[  7.         408.43842278],[0.00000000e+00 2.33058017e-12],[  7.         408.43842278],[  7.         408.43842278],"[13, 19, 18, 23, 5, 3, 7, 21, 20, 2, 1, 16, 14, 12, 24, 25, 22, 4, 6, 9, 11, 8, 10, 15, 17]","(7.0, 408.438422777205)"
222,418,[  7.         408.43842278],[0.00000000e+00 2.33058017e-12],[  7.         408.43842278],[  7.         408.43842278],"[13, 19, 18, 23, 5, 3, 7, 21, 20, 2, 1, 16, 14, 12, 24, 25, 22, 4, 6, 9, 11, 8, 10, 15, 17]","(7.0, 408.438422777205)"
223,446,[  7.         408.43842278],[0.00000000e+00 2.33058017e-12],[  7.         408.43842278],[  7.         408.43842278],"[13, 19, 18, 23, 5, 3, 7, 21, 20, 2, 1, 16, 14, 12, 24, 25, 22, 4, 6, 9, 11, 8, 10, 15, 17]","(7.0, 408.438422777205)"
224,444,[  7.         408.43842278],[0.00000000e+00 2.33058017e-12],[  7.         408.43842278],[  7.         408.43842278],"[13, 19, 18, 23, 5, 3, 7, 21, 20, 2, 1, 16, 14, 12, 24, 25, 22, 4, 6, 9, 11, 8, 10, 15, 17]","(7.0, 408.438422777205)"
225,412,[  7.         408.43842278],[0.00000000e+00 2.33058017e-12],[  7.         408.43842278],[  7.         408.43842278],"[13, 19, 18, 23, 5, 3, 7, 21, 20, 2, 1, 16, 14, 12, 24, 25, 22, 4, 6, 9, 11, 8, 10, 15, 17]","(7.0, 408.438422777205)"
226,420,[  7.         408.43842278],[0.00000000e+00 2.33058017e-12],[  7.         408.43842278],[  7.         408.43842278],"[13, 19, 18, 23, 5, 3, 7, 21, 20, 2, 1, 16, 14, 12, 24, 25, 22, 4, 6, 9, 11, 8, 10, 15, 17]","(7.0, 408.438422777205)"
227,426,[  7.         408.43842278],[0.00000000e+00 2.33058017e-12],[  7.         408.43842278],[  7.         408.43842278],"[13, 19, 18, 23, 5, 3, 7, 21, 20, 2, 1, 16, 14, 12, 24, 25, 22, 4, 6, 9, 11, 8, 10, 15, 17]","(7.0, 408.438422777205)"
228,394,[  7.         408.43842278],[0.00000000e+00 2.33058017e-12],[  7.         408.43842278],[  7.         408.43842278],"[13, 19, 18, 23, 5, 3, 7, 21, 20, 2, 1, 16, 14, 12, 24, 25, 22, 4, 6, 9, 11, 8, 10, 15, 17]","(7.0, 408.438422777205)"
229,412,[  7.         408.43842278],[0.00000000e+00 2.33058017e-12],[  7.         408.43842278],[  7.         408.43842278],"[13, 19, 18, 23, 5, 3, 7, 21, 20, 2, 1, 16, 14, 12, 24, 25, 22, 4, 6, 9, 11, 8, 10, 15, 17]","(7.0, 408.438422777205)"
230,438,[  7.         408.43842278],[0.00000000e+00 2.33058017e-12],[  7.         408.43842278],[  7.         408.43842278],"[13, 19, 18, 23, 5, 3, 7, 21, 20, 2, 1, 16, 14, 12, 24, 25, 22, 4, 6, 9, 11, 8, 10, 15, 17]","(7.0, 408.438422777205)"
231,422,[  7.         408.43842278],[0.00000000e+00 2.33058017e-12],[  7.         408.43842278],[  7.         408.43842278],"[13, 19, 18, 23, 5, 3, 7, 21, 20, 2, 1, 16, 14, 12, 24, 25, 22, 4, 6, 9, 11, 8, 10, 15, 17]","(7.0, 408.438422777205)"
232,422,[  7.         408.43842278],[0.00000000e+00 2.33058017e-12],[  7.         408.43842278],[  7.         408.43842278],"[13, 19, 18, 23, 5, 3, 7, 21, 20, 2, 1, 16, 14, 12, 24, 25, 22, 4, 6, 9, 11, 8, 10, 15, 17]","(7.0, 408.438422777205)"
233,426,[  7.         408.43842278],[0.00000000e+00 2.33058017e-12],[  7.         408.43842278],[  7.         408.43842278],"[13, 19, 18, 23, 5, 3, 7, 21, 20, 2, 1, 16, 14, 12, 24, 25, 22, 4, 6, 9, 11, 8, 10, 15, 17]","(7.0, 408.438422777205)"
234,438,[  7.         408.43842278],[0.00000000e+00 2.33058017e-12],[  7.         408.43842278],[  7.         408.43842278],"[13, 19, 18, 23, 5, 3, 7, 21, 20, 2, 1, 16, 14, 12, 24, 25, 22, 4, 6, 9, 11, 8, 10, 15, 17]","(7.0, 408.438422777205)"
235,402,[  7.         408.43842278],[0.00000000e+00 2.33058017e-12],[  7.         408.43842278],[  7.         408.43842278],"[13, 19, 18, 23, 5, 3, 7, 21, 20, 2, 1, 16, 14, 12, 24, 25, 22, 4, 6, 9, 11, 8, 10, 15, 17]","(7.0, 408.438422777205)"
236,420,[  7.         408.43842278],[0.00000000e+00 2.33058017e-12],[  7.         408.43842278],[  7.         408.43842278],"[13, 19, 18, 23, 5, 3, 7, 21, 20, 2, 1, 16, 14, 12, 24, 25, 22, 4, 6, 9, 11, 8, 10, 15, 17]","(7.0, 408.438422777205)"
237,424,[  7.         408.43842278],[0.00000000e+00 2.33058017e-12],[  7.         408.43842278],[  7.         408.43842278],"[13, 19, 18, 23, 5, 3, 7, 21, 20, 2, 1, 16, 14, 12, 24, 25, 22, 4, 6, 9, 11, 8, 10, 15, 17]","(7.0, 408.438422777205)"
238,426,[  7.         408.43842278],[0.00000000e+00 2.33058017e-12],[  7.         408.43842278],[  7.         408.43842278],"[13, 19, 18, 23, 5, 3, 7, 21, 20, 2, 1, 16, 14, 12, 24, 25, 22, 4, 6, 9, 11, 8, 10, 15, 17]","(7.0, 408.438422777205)"
239,426,[  7.         408.43842278],[0.00000000e+00 2.33058017e-12],[  7.         408.43842278],[  7.         408.43842278],"[13, 19, 18, 23, 5, 3, 7, 21, 20, 2, 1, 16, 14, 12, 24, 25, 22, 4, 6, 9, 11, 8, 10, 15, 17]","(7.0, 408.438422777205)"
240,426,[  7.         408.43842278],[0.00000000e+00 2.33058017e-12],[  7.         408.43842278],[  7.         408.43842278],"[13, 19, 18, 23, 5, 3, 7, 21, 20, 2, 1, 16, 14, 12, 24, 25, 22, 4, 6, 9, 11, 8, 10, 15, 17]","(7.0, 408.438422777205)"
241,400,[  7.         408.43842278],[0.00000000e+00 2.33058017e-12],[  7.         408.43842278],[  7.         408.43842278],"[13, 19, 18, 23, 5, 3, 7, 21, 20, 2, 1, 16, 14, 12, 24, 25, 22, 4, 6, 9, 11, 8, 10, 15, 17]","(7.0, 408.438422777205)"
242,438,[  7.         408.43842278],[0.00000000e+00 2.33058017e-12],[  7.         408.43842278],[  7.         408.43842278],"[13, 19, 18, 23, 5, 3, 7, 21, 20, 2, 1, 16, 14, 12, 24, 25, 22, 4, 6, 9, 11, 8, 10, 15, 17]","(7.0, 408.438422777205)"
243,446,[  7.         408.43842278],[0.00000000e+00 2.33058017e-12],[  7.         408.43842278],[  7.         408.43842278],"[13, 19, 18, 23, 5, 3, 7, 21, 20, 2, 1, 16, 14, 12, 24, 25, 22, 4, 6, 9, 11, 8, 10, 15, 17]","(7.0, 408.438422777205)"
244,446,[  7.         408.43842278],[0.00000000e+00 2.33058017e-12],[  7.         408.43842278],[  7.         408.43842278],"[13, 19, 18, 23, 5, 3, 7, 21, 20, 2, 1, 16, 14, 12, 24, 25, 22, 4, 6, 9, 11, 8, 10, 15, 17]","(7.0, 408.438422777205)"
245,420,[  7.         408.43842278],[0.00000000e+00 2.33058017e-12],[  7.         408.43842278],[  7.         408.43842278],"[13, 19, 18, 23, 5, 3, 7, 21, 20, 2, 1, 16, 14, 12, 24, 25, 22, 4, 6, 9, 11, 8, 10, 15, 17]","(7.0, 408.438422777205)"
246,406,[  7.         408.43842278],[0.00000000e+00 2.33058017e-12],[  7.         408.43842278],[  7.         408.43842278],"[13, 19, 18, 23, 5, 3, 7, 21, 20, 2, 1, 16, 14, 12, 24, 25, 22, 4, 6, 9, 11, 8, 10, 15, 17]","(7.0, 408.438422777205)"
247,392,[  7.         408.43842278],[0.00000000e+00 2.33058017e-12],[  7.         408.43842278],[  7.         408.43842278],"[13, 19, 18, 23, 5, 3, 7, 21, 20, 2, 1, 16, 14, 12, 24, 25, 22, 4, 6, 9, 11, 8, 10, 15, 17]","(7.0, 408.438422777205)"
248,438,[  7.         408.43842278],[0.00000000e+00 2.33058017e-12],[  7.         408.43842278],[  7.         408.43842278],"[13, 19, 18, 23, 5, 3, 7, 21, 20, 2, 1, 16, 14, 12, 24, 25, 22, 4, 6, 9, 11, 8, 10, 15, 17]","(7.0, 408.438422777205)"
249,432,[  7.         408.43842278],[0.00000000e+00 2.33058017e-12],[  7.         408.43842278],[  7.         408.43842278],"[13, 19, 18, 23, 5, 3, 7, 21, 20, 2, 1, 16, 14, 12, 24, 25, 22, 4, 6, 9, 11, 8, 10, 15, 17]","(7.0, 408.438422777205)"
250,426,[  7.         408.43842278],[0.00000000e+00 2.33058017e-12],[  7.         408.43842278],[  7.         408.43842278],"[13, 19, 18, 23, 5, 3, 7, 21, 20, 2, 1, 16, 14, 12, 24, 25, 22, 4, 6, 9, 11, 8, 10, 15, 17]","(7.0, 408.438422777205)"
251,426,[  7.         408.43842278],[0.00000000e+00 2.33058017e-12],[  7.         408.43842278],[  7.         408.43842278],"[13, 19, 18, 23, 5, 3, 7, 21, 20, 2, 1, 16, 14, 12, 24, 25, 22, 4, 6, 9, 11, 8, 10, 15, 17]","(7.0, 408.438422777205)"
252,438,[  7.         408.43842278],[0.00000000e+00 2.33058017e-12],[  7.         408.43842278],[  7.         408.43842278],"[13, 19, 18, 23, 5, 3, 7, 21, 20, 2, 1, 16, 14, 12, 24, 25, 22, 4, 6, 9, 11, 8, 10, 15, 17]","(7.0, 408.438422777205)"
253,420,[  7.         408.43842278],[0.00000000e+00 2.33058017e-12],[  7.         408.43842278],[  7.         408.43842278],"[13, 19, 18, 23, 5, 3, 7, 21, 20, 2, 1, 16, 14, 12, 24, 25, 22, 4, 6, 9, 11, 8, 10, 15, 17]","(7.0, 408.438422777205)"
254,422,[  7.         408.43842278],[0.00000000e+00 2.33058017e-12],[  7.         408.43842278],[  7.         408.43842278],"[13, 19, 18, 23, 5, 3, 7, 21, 20, 2, 1, 16, 14, 12, 24, 25, 22, 4, 6, 9, 11, 8, 10, 15, 17]","(7.0, 408.438422777205)"
255,438,[  7.         408.43842278],[0.00000000e+00 2.33058017e-12],[  7.         408.43842278],[  7.         408.43842278],"[13, 19, 18, 23, 5, 3, 7, 21, 20, 2, 1, 16, 14, 12, 24, 25, 22, 4, 6, 9, 11, 8, 10, 15, 17]","(7.0, 408.438422777205)"
256,422,[  7.         408.43842278],[0.00000000e+00 2.33058017e-12],[  7.         408.43842278],[  7.         408.43842278],"[13, 19, 18, 23, 5, 3, 7, 21, 20, 2, 1, 16, 14, 12, 24, 25, 22, 4, 6, 9, 11, 8, 10, 15, 17]","(7.0, 408.438422777205)"
257,436,[  7.         408.43842278],[0.00000000e+00 2.33058017e-12],[  7.         408.43842278],[  7.         408.43842278],"[13, 19, 18, 23, 5, 3, 7, 21, 20, 2, 1, 16, 14, 12, 24, 25, 22, 4, 6, 9, 11, 8, 10, 15, 17]","(7.0, 408.438422777205)"
258,420,[  7.         408.43842278],[0.00000000e+00 2.33058017e-12],[  7.         408.43842278],[  7.         408.43842278],"[13, 19, 18, 23, 5, 3, 7, 21, 20, 2, 1, 16, 14, 12, 24, 25, 22, 4, 6, 9, 11, 8, 10, 15, 17]","(7.0, 408.438422777205)"
259,418,[  7.         408.43842278],[0.00000000e+00 2.33058017e-12],[  7.         408.43842278],[  7.         408.43842278],"[13, 19, 18, 23, 5, 3, 7, 21, 20, 2, 1, 16, 14, 12, 24, 25, 22, 4, 6, 9, 11, 8, 10, 15, 17]","(7.0, 408.438422777205)"
260,412,[  7.         408.43842278],[0.00000000e+00 2.33058017e-12],[  7.         408.43842278],[  7.         408.43842278],"[13, 19, 18, 23, 5, 3, 7, 21, 20, 2, 1, 16, 14, 12, 24, 25, 22, 4, 6, 9, 11, 8, 10, 15, 17]","(7.0, 408.438422777205)"
261,430,[  7.         408.43842278],[0.00000000e+00 2.33058017e-12],[  7.         408.43842278],[  7.         408.43842278],"[13, 19, 18, 23, 5, 3, 7, 21, 20, 2, 1, 16, 14, 12, 24, 25, 22, 4, 6, 9, 11, 8, 10, 15, 17]","(7.0, 408.438422777205)"
262,434,[  7.         408.43842278],[0.00000000e+00 2.33058017e-12],[  7.         408.43842278],[  7.         408.43842278],"[13, 19, 18, 23, 5, 3, 7, 21, 20, 2, 1, 16, 14, 12, 24, 25, 22, 4, 6, 9, 11, 8, 10, 15, 17]","(7.0, 408.438422777205)"
263,416,[  7.         408.43842278],[0.00000000e+00 2.33058017e-12],[  7.         408.43842278],[  7.         408.43842278],"[13, 19, 18, 23, 5, 3, 7, 21, 20, 2, 1, 16, 14, 12, 24, 25, 22, 4, 6, 9, 11, 8, 10, 15, 17]","(7.0, 408.438422777205)"
264,410,[  7.         408.43842278],[0.00000000e+00 2.33058017e-12],[  7.         408.43842278],[  7.         408.43842278],"[13, 19, 18, 23, 5, 3, 7, 21, 20, 2, 1, 16, 14, 12, 24, 25, 22, 4, 6, 9, 11, 8, 10, 15, 17]","(7.0, 408.438422777205)"
265,406,[  7.         408.43842278],[0.00000000e+00 2.33058017e-12],[  7.         408.43842278],[  7.         408.43842278],"[13, 19, 18, 23, 5, 3, 7, 21, 20, 2, 1, 16, 14, 12, 24, 25, 22, 4, 6, 9, 11, 8, 10, 15, 17]","(7.0, 408.438422777205)"
266,402,[  7.         408.43842278],[0.00000000e+00 2.33058017e-12],[  7.         408.43842278],[  7.         408.43842278],"[13, 19, 18, 23, 5, 3, 7, 21, 20, 2, 1, 16, 14, 12, 24, 25, 22, 4, 6, 9, 11, 8, 10, 15, 17]","(7.0, 408.438422777205)"
267,432,[  7.         408.43842278],[0.00000000e+00 2.33058017e-12],[  7.         408.43842278],[  7.         408.43842278],"[13, 19, 18, 23, 5, 3, 7, 21, 20, 2, 1, 16, 14, 12, 24, 25, 22, 4, 6, 9, 11, 8, 10, 15, 17]","(7.0, 408.438422777205)"
268,420,[  7.         408.43842278],[0.00000000e+00 2.33058017e-12],[  7.         408.43842278],[  7.         408.43842278],"[13, 19, 18, 23, 5, 3, 7, 21, 20, 2, 1, 16, 14, 12, 24, 25, 22, 4, 6, 9, 11, 8, 10, 15, 17]","(7.0, 408.438422777205)"
269,420,[  7.         408.43842278],[0.00000000e+00 2.33058017e-12],[  7.         408.43842278],[  7.         408.43842278],"[13, 19, 18, 23, 5, 3, 7, 21, 20, 2, 1, 16, 14, 12, 24, 25, 22, 4, 6, 9, 11, 8, 10, 15, 17]","(7.0, 408.438422777205)"
270,426,[  7.         408.43842278],[0.00000000e+00 2.33058017e-12],[  7.         408.43842278],[  7.         408.43842278],"[13, 19, 18, 23, 5, 3, 7, 21, 20, 2, 1, 16, 14, 12, 24, 25, 22, 4, 6, 9, 11, 8, 10, 15, 17]","(7.0, 408.438422777205)"
271,422,[  7.         408.43842278],[0.00000000e+00 2.33058017e-12],[  7.         408.43842278],[  7.         408.43842278],"[13, 19, 18, 23, 5, 3, 7, 21, 20, 2, 1, 16, 14, 12, 24, 25, 22, 4, 6, 9, 11, 8, 10, 15, 17]","(7.0, 408.438422777205)"
272,426,[  7.         408.43842278],[0.00000000e+00 2.33058017e-12],[  7.         408.43842278],[  7.         408.43842278],"[13, 19, 18, 23, 5, 3, 7, 21, 20, 2, 1, 16, 14, 12, 24, 25, 22, 4, 6, 9, 11, 8, 10, 15, 17]","(7.0, 408.438422777205)"
273,420,[  7.         408.43842278],[0.00000000e+00 2.33058017e-12],[  7.         408.43842278],[  7.         408.43842278],"[13, 19, 18, 23, 5, 3, 7, 21, 20, 2, 1, 16, 14, 12, 24, 25, 22, 4, 6, 9, 11, 8, 10, 15, 17]","(7.0, 408.438422777205)"
274,426,[  7.         408.43842278],[0.00000000e+00 2.33058017e-12],[  7.         408.43842278],[  7.         408.43842278],"[13, 19, 18, 23, 5, 3, 7, 21, 20, 2, 1, 16, 14, 12, 24, 25, 22, 4, 6, 9, 11, 8, 10, 15, 17]","(7.0, 408.438422777205)"
275,426,[  7.         408.43842278],[0.00000000e+00 2.33058017e-12],[  7.         408.43842278],[  7.         408.43842278],"[13, 19, 18, 23, 5, 3, 7, 21, 20, 2, 1, 16, 14, 12, 24, 25, 22, 4, 6, 9, 11, 8, 10, 15, 17]","(7.0, 408.438422777205)"
276,408,[  7.         408.43842278],[0.00000000e+00 2.33058017e-12],[  7.         408.43842278],[  7.         408.43842278],"[13, 19, 18, 23, 5, 3, 7, 21, 20, 2, 1, 16, 14, 12, 24, 25, 22, 4, 6, 9, 11, 8, 10, 15, 17]","(7.0, 408.438422777205)"
277,440,[  7.         408.43842278],[0.00000000e+00 2.33058017e-12],[  7.         408.43842278],[  7.         408.43842278],"[13, 19, 18, 23, 5, 3, 7, 21, 20, 2, 1, 16, 14, 12, 24, 25, 22, 4, 6, 9, 11, 8, 10, 15, 17]","(7.0, 408.438422777205)"
278,430,[  7.         408.43842278],[0.00000000e+00 2.33058017e-12],[  7.         408.43842278],[  7.         408.43842278],"[13, 19, 18, 23, 5, 3, 7, 21, 20, 2, 1, 16, 14, 12, 24, 25, 22, 4, 6, 9, 11, 8, 10, 15, 17]","(7.0, 408.438422777205)"
279,416,[  7.         408.43842278],[0.00000000e+00 2.33058017e-12],[  7.         408.43842278],[  7.         408.43842278],"[13, 19, 18, 23, 5, 3, 7, 21, 20, 2, 1, 16, 14, 12, 24, 25, 22, 4, 6, 9, 11, 8, 10, 15, 17]","(7.0, 408.438422777205)"
280,430,[  7.         408.43842278],[0.00000000e+00 2.33058017e-12],[  7.         408.43842278],[  7.         408.43842278],"[13, 19, 18, 23, 5, 3, 7, 21, 20, 2, 1, 16, 14, 12, 24, 25, 22, 4, 6, 9, 11, 8, 10, 15, 17]","(7.0, 408.438422777205)"
281,434,[  7.         408.43842278],[0.00000000e+00 2.33058017e-12],[  7.         408.43842278],[  7.         408.43842278],"[13, 19, 18, 23, 5, 3, 7, 21, 20, 2, 1, 16, 14, 12, 24, 25, 22, 4, 6, 9, 11, 8, 10, 15, 17]","(7.0, 408.438422777205)"
282,426,[  7.         408.43842278],[0.00000000e+00 2.33058017e-12],[  7.         408.43842278],[  7.         408.43842278],"[13, 19, 18, 23, 5, 3, 7, 21, 20, 2, 1, 16, 14, 12, 24, 25, 22, 4, 6, 9, 11, 8, 10, 15, 17]","(7.0, 408.438422777205)"
283,432,[  7.         408.43842278],[0.00000000e+00 2.33058017e-12],[  7.         408.43842278],[  7.         408.43842278],"[13, 19, 18, 23, 5, 3, 7, 21, 20, 2, 1, 16, 14, 12, 24, 25, 22, 4, 6, 9, 11, 8, 10, 15, 17]","(7.0, 408.438422777205)"
284,416,[  7.         408.43842278],[0.00000000e+00 2.33058017e-12],[  7.         408.43842278],[  7.         408.43842278],"[13, 19, 18, 23, 5, 3, 7, 21, 20, 2, 1, 16, 14, 12, 24, 25, 22, 4, 6, 9, 11, 8, 10, 15, 17]","(7.0, 408.438422777205)"
285,436,[  7.         408.43842278],[0.00000000e+00 2.33058017e-12],[  7.         408.43842278],[  7.         408.43842278],"[13, 19, 18, 23, 5, 3, 7, 21, 20, 2, 1, 16, 14, 12, 24, 25, 22, 4, 6, 9, 11, 8, 10, 15, 17]","(7.0, 408.438422777205)"
286,424,[  7.         408.43842278],[0.00000000e+00 2.33058017e-12],[  7.         408.43842278],[  7.         408.43842278],"[13, 19, 18, 23, 5, 3, 7, 21, 20, 2, 1, 16, 14, 12, 24, 25, 22, 4, 6, 9, 11, 8, 10, 15, 17]","(7.0, 408.438422777205)"
287,418,[  7.         408.43842278],[0.00000000e+00 2.33058017e-12],[  7.         408.43842278],[  7.         408.43842278],"[13, 19, 18, 23, 5, 3, 7, 21, 20, 2, 1, 16, 14, 12, 24, 25, 22, 4, 6, 9, 11, 8, 10, 15, 17]","(7.0, 408.438422777205)"
288,436,[  7.         408.43842278],[0.00000000e+00 2.33058017e-12],[  7.         408.43842278],[  7.         408.43842278],"[13, 19, 18, 23, 5, 3, 7, 21, 20, 2, 1, 16, 14, 12, 24, 25, 22, 4, 6, 9, 11, 8, 10, 15, 17]","(7.0, 408.438422777205)"
289,424,[  7.         408.43842278],[0.00000000e+00 2.33058017e-12],[  7.         408.43842278],[  7.         408.43842278],"[13, 19, 18, 23, 5, 3, 7, 21, 20, 2, 1, 16, 14, 12, 24, 25, 22, 4, 6, 9, 11, 8, 10, 15, 17]","(7.0, 408.438422777205)"
290,414,[  7.         408.43842278],[0.00000000e+00 2.33058017e-12],[  7.         408.43842278],[  7.         408.43842278],"[13, 19, 18, 23, 5, 3, 7, 21, 20, 2, 1, 16, 14, 12, 24, 25, 22, 4, 6, 9, 11, 8, 10, 15, 17]","(7.0, 408.438422777205)"
291,412,[  7.         408.43842278],[0.00000000e+00 2.33058017e-12],[  7.         408.43842278],[  7.         408.43842278],"[13, 19, 18, 23, 5, 3, 7, 21, 20, 2, 1, 16, 14, 12, 24, 25, 22, 4, 6, 9, 11, 8, 10, 15, 17]","(7.0, 408.438422777205)"
292,416,[  7.         408.43842278],[0.00000000e+00 2.33058017e-12],[  7.         408.43842278],[  7.         408.43842278],"[13, 19, 18, 23, 5, 3, 7, 21, 20, 2, 1, 16, 14, 12, 24, 25, 22, 4, 6, 9, 11, 8, 10, 15, 17]","(7.0, 408.438422777205)"
293,420,[  7.         408.43842278],[0.00000000e+00 2.33058017e-12],[  7.         408.43842278],[  7.         408.43842278],"[13, 19, 18, 23, 5, 3, 7, 21, 20, 2, 1, 16, 14, 12, 24, 25, 22, 4, 6, 9, 11, 8, 10, 15, 17]","(7.0, 408.438422777205)"
294,400,[  7.         408.43842278],[0.00000000e+00 2.33058017e-12],[  7.         408.43842278],[  7.         408.43842278],"[13, 19, 18, 23, 5, 3, 7, 21, 20, 2, 1, 16, 14, 12, 24, 25, 22, 4, 6, 9, 11, 8, 10, 15, 17]","(7.0, 408.438422777205)"
295,416,[  7.         408.43842278],[0.00000000e+00 2.33058017e-12],[  7.         408.43842278],[  7.         408.43842278],"[13, 19, 18, 23, 5, 3, 7, 21, 20, 2, 1, 16, 14, 12, 24, 25, 22, 4, 6, 9, 11, 8, 10, 15, 17]","(7.0, 408.438422777205)"
296,422,[  7.         408.43842278],[0.00000000e+00 2.33058017e-12],[  7.         408.43842278],[  7.         408.43842278],"[13, 19, 18, 23, 5, 3, 7, 21, 20, 2, 1, 16, 14, 12, 24, 25, 22, 4, 6, 9, 11, 8, 10, 15, 17]","(7.0, 408.438422777205)"
297,428,[  7.         408.43842278],[0.00000000e+00 2.33058017e-12],[  7.         408.43842278],[  7.         408.43842278],"[13, 19, 18, 23, 5, 3, 7, 21, 20, 2, 1, 16, 14, 12, 24, 25, 22, 4, 6, 9, 11, 8, 10, 15, 17]","(7.0, 408.438422777205)"
298,434,[  7.         408.43842278],[0.00000000e+00 2.33058017e-12],[  7.         408.43842278],[  7.         408.43842278],"[13, 19, 18, 23, 5, 3, 7, 21, 20, 2, 1, 16, 14, 12, 24, 25, 22, 4, 6, 9, 11, 8, 10, 15, 17]","(7.0, 408.438422777205)"
299,416,[  7.         408.43842278],[0.00000000e+00 2.33058017e-12],[  7.         408.43842278],[  7.         408.43842278],"[13, 19, 18, 23, 5, 3, 7, 21, 20, 2, 1, 16, 14, 12, 24, 25, 22, 4, 6, 9, 11, 8, 10, 15, 17]","(7.0, 408.438422777205)"
300,402,[  7.         408.43842278],[0.00000000e+00 2.33058017e-12],[  7.         408.43842278],[  7.         408.43842278],"[13, 19, 18, 23, 5, 3, 7, 21, 20, 2, 1, 16, 14, 12, 24, 25, 22, 4, 6, 9, 11, 8, 10, 15, 17]","(7.0, 408.438422777205)"
